date,TXm
1892-01-01,3.009677419354839
1892-02-01,5.1482758620689655
1892-03-01,5.483870967741935
1892-04-01,12.433333333333334
1892-05-01,17.67096774193548
1892-06-01,18.8
1892-07-01,20.103225806451615
1892-08-01,21.42258064516129
1892-09-01,17.976666666666667
1892-10-01,11.187096774193549
1892-11-01,9.16
1892-12-01,2.370967741935484
1893-01-01,0.11290322580645158
1893-02-01,6.914285714285714
1893-03-01,11.167741935483871
1893-04-01,16.62666666666667
1893-05-01,17.93548387096774
1893-06-01,20.66
1893-07-01,21.451612903225808
1893-08-01,22.18064516129032
1893-09-01,17.173333333333336
1893-10-01,13.432258064516128
1893-11-01,6.316666666666666
1893-12-01,4.699999999999999
1894-01-01,4.148387096774194
1894-02-01,5.971428571428571
1894-03-01,10.32258064516129
1894-04-01,15.883333333333333
1894-05-01,14.870967741935484
1894-06-01,18.016666666666666
1894-07-01,21.203225806451613
1894-08-01,18.84193548387097
1894-09-01,16.016666666666666
1894-10-01,12.003225806451614
1894-11-01,9.183333333333334
1894-12-01,5.716129032258064
1895-01-01,1.2870967741935484
1895-02-01,-2.189285714285714
1895-03-01,6.9
1895-04-01,13.073333333333332
1895-05-01,16.641935483870967
1895-06-01,20.07
1895-07-01,19.906451612903226
1895-08-01,20.406451612903226
1895-09-01,22.616666666666667
1895-10-01,11.706451612903225
1895-11-01,10.103333333333333
1895-12-01,4.151612903225806
1896-01-01,3.5516129032258066
1896-02-01,5.289655172413793
1896-03-01,10.270967741935483
1896-04-01,10.9
1896-05-01,15.496774193548386
1896-06-01,20.813333333333333
1896-07-01,22.219354838709677
1896-08-01,18.6
1896-09-01,17.25
1896-10-01,11.206451612903225
1896-11-01,4.703333333333333
1896-12-01,4.112903225806452
1897-01-01,2.0580645161290323
1897-02-01,7.017857142857143
1897-03-01,9.748387096774193
1897-04-01,11.846666666666666
1897-05-01,15.32258064516129
1897-06-01,21.033333333333335
1897-07-01,20.65806451612903
1897-08-01,21.248387096774195
1897-09-01,16.42
1897-10-01,13.922580645161291
1897-11-01,8.01
1897-12-01,5.941935483870967
1898-01-01,6.080645161290323
1898-02-01,6.057142857142857
1898-03-01,5.790322580645161
1898-04-01,12.846666666666666
1898-05-01,14.612903225806452
1898-06-01,17.986666666666668
1898-07-01,18.812903225806455
1898-08-01,23.177419354838708
1898-09-01,20.783333333333335
1898-10-01,14.503225806451614
1898-11-01,9.92
1898-12-01,7.83225806451613
1899-01-01,7.087096774193548
1899-02-01,8.203571428571427
1899-03-01,7.95483870967742
1899-04-01,11.126666666666667
1899-05-01,14.906451612903227
1899-06-01,19.753333333333334
1899-07-01,21.91290322580645
1899-08-01,23.225806451612904
1899-09-01,17.7
1899-10-01,14.135483870967741
1899-11-01,10.91
1899-12-01,1.403225806451613
1900-01-01,5.364516129032259
1900-02-01,5.992857142857143
1900-03-01,6.187096774193549
1900-04-01,11.616666666666667
1900-05-01,15.206451612903226
1900-06-01,19.616666666666667
1900-07-01,23.561290322580643
1900-08-01,19.983870967741936
1900-09-01,18.993333333333332
1900-10-01,13.687096774193549
1900-11-01,8.556666666666667
1900-12-01,7.719354838709677
1901-01-01,4.1000000000000005
1901-02-01,1.1
1901-03-01,5.922580645161291
1901-04-01,12.826666666666666
1901-05-01,17.62258064516129
1901-06-01,20.209999999999997
1901-07-01,24.041935483870965
1901-08-01,21.23225806451613
1901-09-01,18.44
1901-10-01,13.577419354838709
1901-11-01,7.406666666666666
1901-12-01,4.767741935483872
1902-01-01,6.048387096774194
1902-02-01,3.3214285714285716
1902-03-01,9.538709677419355
1902-04-01,12.793333333333333
1902-05-01,12.916129032258064
1902-06-01,19.326666666666664
1902-07-01,20.029032258064515
1902-08-01,19.07741935483871
1902-09-01,17.38
1902-10-01,11.435483870967742
1902-11-01,7.47
1902-12-01,4.051612903225807
1903-01-01,5.296774193548386
1903-02-01,8.321428571428571
1903-03-01,11.116129032258065
1903-04-01,8.476666666666667
1903-05-01,17.59032258064516
1903-06-01,18.53666666666667
1903-07-01,20.396774193548385
1903-08-01,18.932258064516127
1903-09-01,19.146666666666665
1903-10-01,14.151612903225805
1903-11-01,8.353333333333333
1903-12-01,2.793548387096774
1904-01-01,3.1451612903225805
1904-02-01,5.672413793103448
1904-03-01,6.793548387096774
1904-04-01,13.926666666666668
1904-05-01,16.887096774193548
1904-06-01,19.02
1904-07-01,24.616129032258065
1904-08-01,21.76774193548387
1904-09-01,17.153333333333332
1904-10-01,13.112903225806452
1904-11-01,7.423333333333333
1904-12-01,6.793548387096774
1905-01-01,3.6129032258064515
1905-02-01,6.235714285714286
1905-03-01,9.783870967741937
1905-04-01,11.226666666666667
1905-05-01,16.325806451612905
1905-06-01,21.733333333333334
1905-07-01,22.551612903225806
1905-08-01,19.996774193548386
1905-09-01,16.94
1905-10-01,9.12258064516129
1905-11-01,6.843333333333334
1905-12-01,4.490322580645161
1906-01-01,6.109677419354839
1906-02-01,5.064285714285715
1906-03-01,7.490322580645161
1906-04-01,12.59
1906-05-01,16.858064516129033
1906-06-01,18.763333333333332
1906-07-01,21.67096774193548
1906-08-01,21.674193548387095
1906-09-01,18.746666666666666
1906-10-01,16.161290322580644
1906-11-01,9.653333333333334
1906-12-01,2.761290322580645
1907-01-01,4.12258064516129
1907-02-01,3.2214285714285715
1907-03-01,9.55483870967742
1907-04-01,11.979999999999999
1907-05-01,17.32903225806452
1907-06-01,17.683333333333334
1907-07-01,18.096774193548388
1907-08-01,20.219354838709677
1907-09-01,19.743333333333332
1907-10-01,14.558064516129033
1907-11-01,9.19
1907-12-01,5.687096774193549
1908-01-01,2.519354838709677
1908-02-01,5.889655172413794
1908-03-01,6.687096774193549
1908-04-01,10.286666666666667
1908-05-01,17.825806451612905
1908-06-01,20.956666666666667
1908-07-01,21.312903225806455
1908-08-01,19.019354838709678
1908-09-01,18.55
1908-10-01,16.087096774193547
1908-11-01,8.52
1908-12-01,3.425806451612903
1909-01-01,3.7548387096774194
1909-02-01,4.046428571428572
1909-03-01,6.393548387096774
1909-04-01,14.133333333333333
1909-05-01,16.929032258064513
1909-06-01,17.166666666666668
1909-07-01,17.81935483870968
1909-08-01,21.183870967741935
1909-09-01,17.07
1909-10-01,14.661290322580646
1909-11-01,6.6433333333333335
1909-12-01,5.967741935483871
1910-01-01,5.503225806451613
1910-02-01,6.767857142857143
1910-03-01,9.848387096774195
1910-04-01,11.786666666666667
1910-05-01,16.719354838709677
1910-06-01,20.41
1910-07-01,18.57741935483871
1910-08-01,20.116129032258065
1910-09-01,17.40666666666667
1910-10-01,14.629032258064516
1910-11-01,6.319999999999999
1910-12-01,7.932258064516129
1911-01-01,2.545161290322581
1911-02-01,6.042857142857143
1911-03-01,8.94516129032258
1911-04-01,12.093333333333334
1911-05-01,18.58709677419355
1911-06-01,19.06
1911-07-01,24.858064516129033
1911-08-01,26.183870967741935
1911-09-01,21.453333333333333
1911-10-01,13.716129032258063
1911-11-01,8.233333333333333
1911-12-01,7.890322580645161
1912-01-01,5.467741935483871
1912-02-01,8.879310344827585
1912-03-01,10.33548387096774
1912-04-01,13.25
1912-05-01,17.874193548387098
1912-06-01,19.576666666666664
1912-07-01,22.664516129032258
1912-08-01,17.258064516129032
1912-09-01,14.386666666666665
1912-10-01,12.393548387096773
1912-11-01,7.21
1912-12-01,8.32258064516129
1913-01-01,6.396774193548388
1913-02-01,7.196428571428571
1913-03-01,10.706451612903226
1913-04-01,13.07
1913-05-01,17.567741935483873
1913-06-01,18.333333333333332
1913-07-01,18.396774193548385
1913-08-01,19.825806451612905
1913-09-01,19.083333333333332
1913-10-01,15.754838709677419
1913-11-01,10.706666666666667
1913-12-01,5.300000000000001
1914-01-01,1.3870967741935485
1914-02-01,9.950000000000001
1914-03-01,9.503225806451614
1914-04-01,15.58
1914-05-01,15.748387096774193
1914-06-01,18.773333333333333
1914-07-01,21.432258064516127
1914-08-01,22.129032258064516
1914-09-01,18.16
1914-10-01,12.761290322580646
1914-11-01,7.6466666666666665
1914-12-01,7.435483870967742
1915-01-01,4.719354838709678
1915-02-01,6.464285714285714
1915-03-01,7.151612903225806
1915-04-01,12.16
1915-05-01,18.216129032258067
1915-06-01,21.683333333333334
1915-07-01,20.541935483870965
1915-08-01,20.23225806451613
1915-09-01,18.166666666666668
1915-10-01,11.638709677419355
1915-11-01,5.3
1915-12-01,8.790322580645162
1916-01-01,8.17741935483871
1916-02-01,5.913793103448276
1916-03-01,8.029032258064516
1916-04-01,12.92
1916-05-01,18.093548387096774
1916-06-01,16.443333333333335
1916-07-01,19.432258064516127
1916-08-01,20.89032258064516
1916-09-01,17.35
1916-10-01,13.074193548387097
1916-11-01,8.226666666666667
1916-12-01,4.780645161290322
1917-01-01,0.8870967741935484
1917-02-01,1.4642857142857142
1917-03-01,5.5
1917-04-01,8.610000000000001
1917-05-01,20.483870967741936
1917-06-01,23.15
1917-07-01,20.951612903225808
1917-08-01,19.993548387096773
1917-09-01,19.703333333333333
1917-10-01,11.670967741935485
1917-11-01,9.29
1917-12-01,1.903225806451613
1918-01-01,6.661290322580645
1918-02-01,7.464285714285714
1918-03-01,9.958064516129031
1918-04-01,11.67
1918-05-01,19.393548387096775
1918-06-01,18.676666666666666
1918-07-01,21.229032258064517
1918-08-01,21.006451612903227
1918-09-01,17.91
1918-10-01,12.577419354838709
1918-11-01,7.573333333333333
1918-12-01,8.596774193548388
1919-01-01,4.064516129032258
1919-02-01,4.321428571428571
1919-03-01,7.241935483870968
1919-04-01,10.416666666666666
1919-05-01,19.11935483870968
1919-06-01,20.11
1919-07-01,17.480645161290322
1919-08-01,21.603225806451615
1919-09-01,19.836666666666666
1919-10-01,11.193548387096774
1919-11-01,4.786666666666666
1919-12-01,6.422580645161291
1920-01-01,6.854838709677419
1920-02-01,9.86896551724138
1920-03-01,11.390322580645162
1920-04-01,12.833333333333334
1920-05-01,17.774193548387096
1920-06-01,19.903333333333332
1920-07-01,20.351612903225806
1920-08-01,18.248387096774195
1920-09-01,17.959999999999997
1920-10-01,14.87741935483871
1920-11-01,8.333333333333334
1920-12-01,4.825806451612903
1921-01-01,8.509677419354839
1921-02-01,6.903571428571429
1921-03-01,11.432258064516128
1921-04-01,13.793333333333333
1921-05-01,18.864516129032257
1921-06-01,19.92
1921-07-01,25.616129032258065
1921-08-01,22.335483870967742
1921-09-01,20.866666666666667
1921-10-01,19.006451612903227
1921-11-01,5.29
1921-12-01,5.180645161290323
1922-01-01,3.92258064516129
1922-02-01,6.685714285714286
1922-03-01,7.687096774193549
1922-04-01,10.313333333333333
1922-05-01,19.693548387096776
1922-06-01,19.833333333333332
1922-07-01,19.096774193548388
1922-08-01,19.274193548387096
1922-09-01,16.236666666666668
1922-10-01,10.506451612903225
1922-11-01,6.903333333333333
1922-12-01,6.390322580645161
1923-01-01,5.52258064516129
1923-02-01,7.853571428571429
1923-03-01,10.061290322580644
1923-04-01,12.923333333333334
1923-05-01,14.687096774193549
1923-06-01,15.876666666666667
1923-07-01,23.541935483870965
1923-08-01,21.164516129032258
1923-09-01,18.60666666666667
1923-10-01,14.59032258064516
1923-11-01,5.706666666666666
1923-12-01,3.670967741935484
1924-01-01,5.122580645161291
1924-02-01,3.1999999999999997
1924-03-01,8.009677419354839
1924-04-01,11.53
1924-05-01,18.73225806451613
1924-06-01,19.323333333333334
1924-07-01,21.309677419354838
1924-08-01,18.283870967741933
1924-09-01,18.086666666666666
1924-10-01,14.30967741935484
1924-11-01,8.726666666666667
1924-12-01,6.535483870967742
1925-01-01,6.803225806451613
1925-02-01,7.653571428571429
1925-03-01,6.716129032258064
1925-04-01,12.793333333333333
1925-05-01,18.493548387096773
1925-06-01,19.84
1925-07-01,22.370967741935484
1925-08-01,20.203225806451613
1925-09-01,15.906666666666666
1925-10-01,14.32258064516129
1925-11-01,5.306666666666667
1925-12-01,4.887096774193548
1926-01-01,5.074193548387096
1926-02-01,10.207142857142857
1926-03-01,9.461290322580645
1926-04-01,14.66
1926-05-01,15.229032258064517
1926-06-01,18.003333333333334
1926-07-01,21.719354838709677
1926-08-01,20.951612903225808
1926-09-01,20.246666666666666
1926-10-01,11.751612903225807
1926-11-01,9.656666666666666
1926-12-01,3.767741935483871
1927-01-01,5.861290322580645
1927-02-01,6.460714285714286
1927-03-01,10.97741935483871
1927-04-01,12.29
1927-05-01,17.23548387096774
1927-06-01,18.19
1927-07-01,21.32903225806452
1927-08-01,20.851612903225806
1927-09-01,17.96333333333333
1927-10-01,14.16451612903226
1927-11-01,7.36
1927-12-01,1.5096774193548386
1928-01-01,6.441935483870967
1928-02-01,8.99655172413793
1928-03-01,9.803225806451612
1928-04-01,12.936666666666667
1928-05-01,15.793548387096775
1928-06-01,18.916666666666668
1928-07-01,23.793548387096774
1928-08-01,21.712903225806453
1928-09-01,19.226666666666667
1928-10-01,13.906451612903224
1928-11-01,10.023333333333333
1928-12-01,4.319354838709677
1929-01-01,1.0612903225806454
1929-02-01,0.014285714285714337
1929-03-01,10.545161290322582
1929-04-01,10.379999999999999
1929-05-01,18.561290322580643
1929-06-01,18.373333333333335
1929-07-01,22.17096774193548
1929-08-01,21.98709677419355
1929-09-01,22.63
1929-10-01,13.451612903225806
1929-11-01,9.72
1929-12-01,8.158064516129032
1930-01-01,8.396774193548387
1930-02-01,5.453571428571428
1930-03-01,10.44516129032258
1930-04-01,14.023333333333333
1930-05-01,16.40967741935484
1930-06-01,23.116666666666667
1930-07-01,20.13225806451613
1930-08-01,21.729032258064517
1930-09-01,17.90666666666667
1930-10-01,13.970967741935485
1930-11-01,10.2
1930-12-01,5.225806451612903
1931-01-01,5.15483870967742
1931-02-01,4.635714285714286
1931-03-01,8.264516129032257
1931-04-01,11.91
1931-05-01,18.990322580645163
1931-06-01,21.196666666666665
1931-07-01,20.793548387096774
1931-08-01,18.903225806451612
1931-09-01,15.99
1931-10-01,13.458064516129031
1931-11-01,10.163333333333332
1931-12-01,5.02258064516129
1932-01-01,7.116129032258065
1932-02-01,3.7413793103448274
1932-03-01,8.451612903225806
1932-04-01,10.973333333333333
1932-05-01,16.674193548387095
1932-06-01,20.173333333333336
1932-07-01,21.91290322580645
1932-08-01,24.816129032258065
1932-09-01,19.283333333333335
1932-10-01,13.12258064516129
1932-11-01,8.313333333333334
1932-12-01,7.058064516129033
1933-01-01,2.9387096774193546
1933-02-01,6.185714285714285
1933-03-01,12.412903225806453
1933-04-01,13.873333333333333
1933-05-01,17.04516129032258
1933-06-01,19.44333333333333
1933-07-01,23.12258064516129
1933-08-01,22.990322580645163
1933-09-01,20.09
1933-10-01,14.196774193548388
1933-11-01,6.96
1933-12-01,-0.5
1934-01-01,4.835483870967742
1934-02-01,5.735714285714286
1934-03-01,8.925806451612903
1934-04-01,16.083333333333332
1934-05-01,17.306451612903224
1934-06-01,21.08
1934-07-01,23.73548387096774
1934-08-01,21.758064516129032
1934-09-01,21.946666666666665
1934-10-01,14.33548387096774
1934-11-01,8.123333333333333
1934-12-01,9.270967741935483
1935-01-01,4.416129032258064
1935-02-01,7.178571428571429
1935-03-01,9.812903225806451
1935-04-01,12.006666666666666
1935-05-01,16.10967741935484
1935-06-01,21.313333333333333
1935-07-01,23.13225806451613
1935-08-01,22.661290322580644
1935-09-01,18.85
1935-10-01,13.52258064516129
1935-11-01,10.270000000000001
1935-12-01,4.693548387096774
1936-01-01,7.519354838709678
1936-02-01,5.903448275862069
1936-03-01,11.229032258064517
1936-04-01,10.636666666666667
1936-05-01,17.780645161290323
1936-06-01,21.40666666666667
1936-07-01,20.529032258064515
1936-08-01,21.9
1936-09-01,19.206666666666667
1936-10-01,11.916129032258064
1936-11-01,7.366666666666666
1936-12-01,5.422580645161291
1937-01-01,6.919354838709677
1937-02-01,8.178571428571429
1937-03-01,6.961290322580646
1937-04-01,12.576666666666666
1937-05-01,18.983870967741936
1937-06-01,20.756666666666668
1937-07-01,21.200000000000003
1937-08-01,21.80322580645161
1937-09-01,18.353333333333335
1937-10-01,15.32258064516129
1937-11-01,7.556666666666667
1937-12-01,3.661290322580645
1938-01-01,6.496774193548387
1938-02-01,6.721428571428571
1938-03-01,13.55483870967742
1938-04-01,10.243333333333334
1938-05-01,15.948387096774193
1938-06-01,20.84333333333333
1938-07-01,21.225806451612904
1938-08-01,22.86774193548387
1938-09-01,20.529999999999998
1938-10-01,13.848387096774195
1938-11-01,11.436666666666667
1938-12-01,3.180645161290323
1939-01-01,7.025806451612904
1939-02-01,7.792857142857143
1939-03-01,8.24516129032258
1939-04-01,14.18
1939-05-01,16.693548387096776
1939-06-01,21.526666666666664
1939-07-01,21.470967741935485
1939-08-01,22.083870967741937
1939-09-01,19.553333333333335
1939-10-01,11.441935483870967
1939-11-01,10.606666666666666
1939-12-01,3.135483870967742
1940-01-01,-0.8935483870967743
1940-02-01,4.517241379310345
1940-03-01,9.812903225806451
1940-04-01,13.406666666666666
1940-05-01,18.538709677419355
1940-06-01,22.16
1940-07-01,20.641935483870967
1940-08-01,20.283870967741933
1940-09-01,18.353333333333335
1940-10-01,13.651612903225805
1940-11-01,9.74
1940-12-01,2.3677419354838714
1941-01-01,0.26774193548387093
1941-02-01,5.446428571428571
1941-03-01,9.629032258064516
1941-04-01,11.673333333333334
1941-05-01,14.393548387096773
1941-06-01,22.226666666666667
1941-07-01,24.25483870967742
1941-08-01,18.932258064516127
1941-09-01,20.243333333333332
1941-10-01,13.2
1941-11-01,8.046666666666667
1941-12-01,6.264516129032257
1942-01-01,-0.9935483870967741
1942-02-01,-0.7392857142857142
1942-03-01,8.82258064516129
1942-04-01,14.803333333333335
1942-05-01,17.45483870967742
1942-06-01,20.296666666666667
1942-07-01,20.406451612903226
1942-08-01,23.458064516129035
1942-09-01,20.14
1942-10-01,15.280645161290321
1942-11-01,7.866666666666666
1942-12-01,6.800000000000001
1943-01-01,6.435483870967742
1943-02-01,7.675
1943-03-01,11.432258064516128
1943-04-01,15.569999999999999
1943-05-01,19.05483870967742
1943-06-01,19.126666666666665
1943-07-01,22.516129032258064
1943-08-01,21.583870967741937
1943-09-01,18.94
1943-10-01,15.412903225806453
1943-11-01,7.476666666666666
1943-12-01,3.4000000000000004
1944-01-01,7.148387096774194
1944-02-01,3.2103448275862068
1944-03-01,6.632258064516129
1944-04-01,14.91
1944-05-01,17.509677419354837
1944-06-01,18.446666666666665
1944-07-01,21.835483870967742
1944-08-01,24.72258064516129
1944-09-01,17.98
1944-10-01,12.77741935483871
1944-11-01,8.676666666666668
1944-12-01,4.883870967741935
1945-01-01,0.7096774193548387
1945-02-01,9.414285714285715
1945-03-01,11.629032258064516
1945-04-01,15.476666666666667
1945-05-01,19.625806451612902
1945-06-01,21.6
1945-07-01,23.72258064516129
1945-08-01,20.351612903225806
1945-09-01,19.45
1945-10-01,15.935483870967742
1945-11-01,8.206666666666667
1945-12-01,6.661290322580645
1946-01-01,3.3
1946-02-01,7.95
1946-03-01,9.161290322580646
1946-04-01,16.96
1946-05-01,17.925806451612903
1946-06-01,18.183333333333334
1946-07-01,22.383870967741935
1946-08-01,19.593548387096774
1946-09-01,19.10666666666667
1946-10-01,13.029032258064515
1946-11-01,9.18
1946-12-01,2.2838709677419353
1947-01-01,2.564516129032258
1947-02-01,-0.23214285714285707
1947-03-01,8.564516129032258
1947-04-01,15.126666666666667
1947-05-01,20.95483870967742
1947-06-01,23.123333333333335
1947-07-01,24.1
1947-08-01,26.219354838709677
1947-09-01,22.30666666666667
1947-10-01,15.17741935483871
1947-11-01,9.573333333333332
1947-12-01,6.132258064516129
1948-01-01,8.135483870967741
1948-02-01,6.372413793103449
1948-03-01,13.183870967741935
1948-04-01,14.896666666666667
1948-05-01,18.36774193548387
1948-06-01,19.84333333333333
1948-07-01,20.451612903225808
1948-08-01,20.870967741935484
1948-09-01,19.03666666666667
1948-10-01,14.058064516129033
1948-11-01,10.196666666666665
1948-12-01,6.929032258064517
1949-01-01,7.125806451612903
1949-02-01,8.77142857142857
1949-03-01,8.364516129032259
1949-04-01,16.243333333333332
1949-05-01,16.174193548387095
1949-06-01,19.68
1949-07-01,23.90967741935484
1949-08-01,22.76451612903226
1949-09-01,22.686666666666667
1949-10-01,16.116129032258065
1949-11-01,8.12
1949-12-01,6.616129032258065
1950-01-01,4.187096774193549
1950-02-01,9.428571428571429
1950-03-01,11.01290322580645
1950-04-01,12.293333333333333
1950-05-01,18.129032258064516
1950-06-01,22.813333333333333
1950-07-01,22.96451612903226
1950-08-01,22.664516129032258
1950-09-01,17.013333333333332
1950-10-01,13.283870967741937
1950-11-01,8.75
1950-12-01,1.0129032258064516
1951-01-01,6.232258064516128
1951-02-01,7.560714285714285
1951-03-01,8.30967741935484
1951-04-01,12.483333333333333
1951-05-01,16.483870967741936
1951-06-01,20.37
1951-07-01,22.200000000000003
1951-08-01,21.335483870967742
1951-09-01,20.016666666666666
1951-10-01,13.693548387096774
1951-11-01,11.256666666666666
1951-12-01,7.416129032258064
1952-01-01,4.803225806451613
1952-02-01,5.210344827586207
1952-03-01,10.138709677419355
1952-04-01,17.013333333333332
1952-05-01,19.361290322580647
1952-06-01,21.14333333333333
1952-07-01,23.18064516129032
1952-08-01,22.041935483870965
1952-09-01,15.9
1952-10-01,12.983870967741936
1952-11-01,6.293333333333334
1952-12-01,3.938709677419355
1953-01-01,2.703225806451613
1953-02-01,5.2821428571428575
1953-03-01,10.280645161290321
1953-04-01,13.95
1953-05-01,18.990322580645163
1953-06-01,19.84
1953-07-01,21.148387096774194
1953-08-01,21.825806451612905
1953-09-01,19.573333333333334
1953-10-01,15.43225806451613
1953-11-01,9.193333333333333
1953-12-01,8.483870967741936
1954-01-01,2.5870967741935487
1954-02-01,3.732142857142857
1954-03-01,10.37741935483871
1954-04-01,11.770000000000001
1954-05-01,17.79032258064516
1954-06-01,19.266666666666666
1954-07-01,18.761290322580646
1954-08-01,19.993548387096773
1954-09-01,17.69333333333333
1954-10-01,15.080645161290322
1954-11-01,10.276666666666667
1954-12-01,8.106451612903225
1955-01-01,4.02258064516129
1955-02-01,3.6142857142857143
1955-03-01,6.516129032258065
1955-04-01,13.85
1955-05-01,15.603225806451613
1955-06-01,19.40666666666667
1955-07-01,22.048387096774192
1955-08-01,22.725806451612904
1955-09-01,19.40666666666667
1955-10-01,13.26774193548387
1955-11-01,9.59
1955-12-01,7.206451612903226
1956-01-01,5.725806451612903
1956-02-01,-2.389655172413793
1956-03-01,9.725806451612904
1956-04-01,10.416666666666666
1956-05-01,18.283870967741933
1956-06-01,16.28666666666667
1956-07-01,20.970967741935485
1956-08-01,18.532258064516128
1956-09-01,19.673333333333336
1956-10-01,13.174193548387096
1956-11-01,7.54
1956-12-01,7.364516129032259
1957-01-01,5.693548387096774
1957-02-01,8.617857142857144
1957-03-01,13.245161290322581
1957-04-01,13.32
1957-05-01,15.529032258064515
1957-06-01,22.08
1957-07-01,22.67096774193548
1957-08-01,19.787096774193547
1957-09-01,17.116666666666667
1957-10-01,14.23225806451613
1957-11-01,8.1
1957-12-01,5.300000000000001
1958-01-01,5.303225806451613
1958-02-01,7.6571428571428575
1958-03-01,7.32258064516129
1958-04-01,11.163333333333332
1958-05-01,17.59032258064516
1958-06-01,19.41
1958-07-01,21.37741935483871
1958-08-01,21.23225806451613
1958-09-01,20.81
1958-10-01,13.638709677419355
1958-11-01,7.183333333333334
1958-12-01,7.074193548387097
1959-01-01,4.848387096774194
1959-02-01,5.653571428571429
1959-03-01,12.170967741935485
1959-04-01,14.653333333333334
1959-05-01,18.9741935483871
1959-06-01,22.006666666666668
1959-07-01,25.019354838709678
1959-08-01,22.796774193548387
1959-09-01,22.083333333333332
1959-10-01,16.80322580645161
1959-11-01,8.846666666666666
1959-12-01,6.870967741935484
1960-01-01,5.180645161290323
1960-02-01,7.393103448275863
1960-03-01,10.37741935483871
1960-04-01,13.686666666666667
1960-05-01,19.138709677419353
1960-06-01,21.209999999999997
1960-07-01,19.62258064516129
1960-08-01,20.53548387096774
1960-09-01,18.16
1960-10-01,13.887096774193548
1960-11-01,10.156666666666666
1960-12-01,4.732258064516128
1961-01-01,4.658064516129032
1961-02-01,11.1
1961-03-01,12.229032258064517
1961-04-01,15.926666666666668
1961-05-01,16.280645161290323
1961-06-01,19.94333333333333
1961-07-01,20.396774193548385
1961-08-01,20.793548387096774
1961-09-01,21.743333333333332
1961-10-01,15.003225806451614
1961-11-01,7.7
1961-12-01,5.283870967741936
1962-01-01,5.867741935483871
1962-02-01,5.614285714285714
1962-03-01,5.974193548387096
1962-04-01,12.56
1962-05-01,14.351612903225806
1962-06-01,19.023333333333333
1962-07-01,19.677419354838708
1962-08-01,20.003225806451614
1962-09-01,18.226666666666667
1962-10-01,14.816129032258065
1962-11-01,6.926666666666667
1962-12-01,3.351612903225807
1963-01-01,-2.167741935483871
1963-02-01,1.0785714285714287
1963-03-01,9.441935483870967
1963-04-01,13.246666666666666
1963-05-01,15.461290322580645
1963-06-01,19.90666666666667
1963-07-01,21.496774193548386
1963-08-01,19.238709677419354
1963-09-01,18.126666666666665
1963-10-01,13.770967741935483
1963-11-01,11.593333333333334
1963-12-01,1.4064516129032258
1964-01-01,2.864516129032258
1964-02-01,7.575862068965517
1964-03-01,6.219354838709678
1964-04-01,13.04
1964-05-01,20.174193548387095
1964-06-01,20.68
1964-07-01,22.838709677419356
1964-08-01,21.648387096774194
1964-09-01,20.336666666666666
1964-10-01,12.096774193548388
1964-11-01,8.729999999999999
1964-12-01,4.245161290322581
1965-01-01,4.812903225806451
1965-02-01,4.235714285714286
1965-03-01,9.058064516129033
1965-04-01,11.886666666666667
1965-05-01,16.896774193548385
1965-06-01,19.776666666666664
1965-07-01,18.796774193548387
1965-08-01,20.932258064516127
1965-09-01,17.9
1965-10-01,15.600000000000001
1965-11-01,6.8533333333333335
1965-12-01,6.638709677419355
1966-01-01,3.3806451612903223
1966-02-01,9.396428571428572
1966-03-01,8.490322580645161
1966-04-01,13.276666666666667
1966-05-01,18.448387096774194
1966-06-01,21.486666666666668
1966-07-01,19.654838709677417
1966-08-01,20.741935483870968
1966-09-01,18.95
1966-10-01,14.780645161290321
1966-11-01,7.02
1966-12-01,6.754838709677419
1967-01-01,5.348387096774194
1967-02-01,8.571428571428571
1967-03-01,10.329032258064515
1967-04-01,12.083333333333334
1967-05-01,17.638709677419353
1967-06-01,19.62
1967-07-01,23.580645161290324
1967-08-01,21.561290322580643
1967-09-01,18.746666666666666
1967-10-01,14.864516129032259
1967-11-01,7.83
1967-12-01,4.609677419354839
1968-01-01,4.693548387096774
1968-02-01,4.186206896551725
1968-03-01,10.100000000000001
1968-04-01,15.093333333333334
1968-05-01,15.62258064516129
1968-06-01,19.543333333333333
1968-07-01,20.82903225806452
1968-08-01,20.796774193548387
1968-09-01,18.466666666666665
1968-10-01,15.270967741935483
1968-11-01,7.52
1968-12-01,2.532258064516129
1969-01-01,6.896774193548388
1969-02-01,3.775
1969-03-01,7.809677419354839
1969-04-01,12.896666666666667
1969-05-01,18.061290322580643
1969-06-01,19.84
1969-07-01,22.674193548387095
1969-08-01,21.519354838709678
1969-09-01,19.243333333333332
1969-10-01,17.325806451612905
1969-11-01,8.97
1969-12-01,1.6580645161290322
1970-01-01,4.961290322580646
1970-02-01,5.192857142857143
1970-03-01,6.316129032258065
1970-04-01,9.493333333333334
1970-05-01,17.75483870967742
1970-06-01,22.936666666666667
1970-07-01,20.261290322580646
1970-08-01,22.0
1970-09-01,19.916666666666668
1970-10-01,14.035483870967743
1970-11-01,11.103333333333333
1970-12-01,4.47741935483871
1971-01-01,5.993548387096775
1971-02-01,6.878571428571428
1971-03-01,6.564516129032258
1971-04-01,13.713333333333335
1971-05-01,19.996774193548386
1971-06-01,18.15
1971-07-01,23.551612903225806
1971-08-01,21.641935483870967
1971-09-01,19.35
1971-10-01,15.138709677419355
1971-11-01,7.683333333333334
1971-12-01,7.47741935483871
1972-01-01,4.035483870967742
1972-02-01,7.765517241379311
1972-03-01,11.996774193548386
1972-04-01,11.806666666666667
1972-05-01,16.3
1972-06-01,18.23
1972-07-01,22.048387096774192
1972-08-01,20.312903225806455
1972-09-01,16.68
1972-10-01,14.109677419354838
1972-11-01,8.21
1972-12-01,7.232258064516128
1973-01-01,5.1
1973-02-01,5.753571428571428
1973-03-01,10.05483870967742
1973-04-01,10.736666666666668
1973-05-01,17.480645161290322
1973-06-01,21.740000000000002
1973-07-01,21.725806451612904
1973-08-01,24.306451612903224
1973-09-01,20.166666666666668
1973-10-01,13.709677419354838
1973-11-01,8.8
1973-12-01,5.254838709677419
1974-01-01,8.345161290322581
1974-02-01,8.15
1974-03-01,9.574193548387097
1974-04-01,15.243333333333334
1974-05-01,16.81935483870968
1974-06-01,20.12
1974-07-01,19.919354838709676
1974-08-01,21.883870967741935
1974-09-01,17.176666666666666
1974-10-01,10.209677419354838
1974-11-01,9.443333333333333
1974-12-01,9.106451612903227
1975-01-01,8.883870967741935
1975-02-01,8.539285714285715
1975-03-01,7.412903225806452
1975-04-01,11.610000000000001
1975-05-01,16.280645161290323
1975-06-01,19.766666666666666
1975-07-01,23.148387096774194
1975-08-01,24.687096774193545
1975-09-01,19.526666666666664
1975-10-01,12.82258064516129
1975-11-01,8.09
1975-12-01,4.380645161290323
1976-01-01,6.187096774193549
1976-02-01,6.286206896551724
1976-03-01,8.074193548387097
1976-04-01,13.033333333333333
1976-05-01,19.593548387096774
1976-06-01,24.696666666666665
1976-07-01,25.596774193548388
1976-08-01,24.23548387096774
1976-09-01,19.043333333333333
1976-10-01,15.064516129032258
1976-11-01,8.726666666666667
1976-12-01,3.832258064516129
1977-01-01,5.006451612903225
1977-02-01,8.278571428571428
1977-03-01,11.016129032258064
1977-04-01,11.173333333333334
1977-05-01,16.60967741935484
1977-06-01,18.029999999999998
1977-07-01,21.048387096774192
1977-08-01,20.364516129032257
1977-09-01,17.87
1977-10-01,16.141935483870967
1977-11-01,9.076666666666666
1977-12-01,7.970967741935484
1978-01-01,4.783870967741936
1978-02-01,5.028571428571429
1978-03-01,10.116129032258065
1978-04-01,12.226666666666667
1978-05-01,16.82903225806452
1978-06-01,19.13
1978-07-01,20.174193548387095
1978-08-01,20.270967741935483
1978-09-01,17.80666666666667
1978-10-01,14.990322580645161
1978-11-01,9.176666666666668
1978-12-01,5.800000000000001
1979-01-01,0.167741935483871
1979-02-01,2.810714285714286
1979-03-01,8.070967741935483
1979-04-01,11.94
1979-05-01,16.825806451612905
1979-06-01,19.56
1979-07-01,20.738709677419354
1979-08-01,20.238709677419354
1979-09-01,18.986666666666668
1979-10-01,15.567741935483872
1979-11-01,8.72
1979-12-01,7.577419354838709
1980-01-01,2.829032258064516
1980-02-01,9.020689655172415
1980-03-01,8.287096774193548
1980-04-01,12.16
1980-05-01,16.825806451612905
1980-06-01,19.206666666666667
1980-07-01,19.241935483870968
1980-08-01,21.845161290322583
1980-09-01,20.220000000000002
1980-10-01,13.216129032258063
1980-11-01,7.1866666666666665
1980-12-01,5.396774193548388
1981-01-01,5.516129032258065
1981-02-01,4.807142857142857
1981-03-01,12.087096774193547
1981-04-01,12.726666666666667
1981-05-01,18.251612903225805
1981-06-01,18.676666666666666
1981-07-01,20.76774193548387
1981-08-01,21.206451612903226
1981-09-01,19.473333333333336
1981-10-01,12.235483870967743
1981-11-01,9.43
1981-12-01,3.0548387096774197
1982-01-01,4.758064516129032
1982-02-01,7.496428571428572
1982-03-01,9.538709677419355
1982-04-01,12.933333333333334
1982-05-01,18.096774193548388
1982-06-01,21.34
1982-07-01,23.425806451612903
1982-08-01,21.641935483870967
1982-09-01,21.546666666666667
1982-10-01,14.187096774193549
1982-11-01,10.213333333333333
1982-12-01,5.883870967741935
1983-01-01,8.064516129032258
1983-02-01,3.5321428571428575
1983-03-01,9.383870967741935
1983-04-01,13.016666666666667
1983-05-01,14.658064516129032
1983-06-01,21.276666666666664
1983-07-01,26.461290322580645
1983-08-01,23.70967741935484
1983-09-01,18.30666666666667
1983-10-01,14.493548387096775
1983-11-01,10.0
1983-12-01,6.432258064516129
1984-01-01,5.861290322580645
1984-02-01,5.413793103448276
1984-03-01,7.925806451612903
1984-04-01,13.17
1984-05-01,13.774193548387096
1984-06-01,18.446666666666665
1984-07-01,21.83225806451613
1984-08-01,23.383870967741935
1984-09-01,16.843333333333334
1984-10-01,14.548387096774194
1984-11-01,12.303333333333335
1984-12-01,6.699999999999999
1985-01-01,-0.04838709677419355
1985-02-01,3.482142857142857
1985-03-01,7.564516129032258
1985-04-01,13.103333333333333
1985-05-01,17.825806451612905
1985-06-01,18.723333333333336
1985-07-01,22.92258064516129
1985-08-01,21.051612903225806
1985-09-01,19.173333333333336
1985-10-01,14.438709677419356
1985-11-01,5.286666666666666
1985-12-01,7.812903225806451
1986-01-01,4.66774193548387
1986-02-01,-0.39642857142857146
1986-03-01,8.63225806451613
1986-04-01,10.393333333333334
1986-05-01,18.983870967741936
1986-06-01,22.203333333333333
1986-07-01,22.203225806451613
1986-08-01,20.83225806451613
1986-09-01,16.223333333333333
1986-10-01,15.935483870967742
1986-11-01,10.786666666666667
1986-12-01,7.290322580645161
1987-01-01,-0.6096774193548387
1987-02-01,4.6571428571428575
1987-03-01,6.5
1987-04-01,16.38
1987-05-01,14.619354838709677
1987-06-01,18.35
1987-07-01,21.69677419354839
1987-08-01,21.009677419354837
1987-09-01,19.59333333333333
1987-10-01,15.341935483870968
1987-11-01,8.17
1987-12-01,6.206451612903226
1988-01-01,8.32258064516129
1988-02-01,7.203448275862069
1988-03-01,8.44516129032258
1988-04-01,14.826666666666666
1988-05-01,18.9
1988-06-01,19.14333333333333
1988-07-01,20.26774193548387
1988-08-01,21.958064516129035
1988-09-01,17.61
1988-10-01,14.87741935483871
1988-11-01,8.72
1988-12-01,8.541935483870969
1989-01-01,6.719354838709678
1989-02-01,8.335714285714285
1989-03-01,13.009677419354839
1989-04-01,11.333333333333334
1989-05-01,21.270967741935483
1989-06-01,21.466666666666665
1989-07-01,24.23548387096774
1989-08-01,23.29032258064516
1989-09-01,20.196666666666665
1989-10-01,16.35483870967742
1989-11-01,9.74
1989-12-01,7.974193548387096
1990-01-01,7.225806451612903
1990-02-01,11.710714285714287
1990-03-01,12.696774193548388
1990-04-01,13.636666666666667
1990-05-01,20.661290322580644
1990-06-01,19.633333333333333
1990-07-01,23.01290322580645
1990-08-01,25.15806451612903
1990-09-01,17.486666666666668
1990-10-01,16.529032258064515
1990-11-01,8.933333333333334
1990-12-01,5.351612903225806
1991-01-01,5.909677419354838
1991-02-01,3.292857142857143
1991-03-01,13.248387096774193
1991-04-01,13.870000000000001
1991-05-01,15.148387096774192
1991-06-01,17.223333333333336
1991-07-01,23.425806451612903
1991-08-01,24.16774193548387
1991-09-01,20.81
1991-10-01,14.438709677419356
1991-11-01,8.443333333333333
1991-12-01,5.906451612903226
1992-01-01,4.800000000000001
1992-02-01,8.224137931034482
1992-03-01,10.493548387096775
1992-04-01,13.34
1992-05-01,20.751612903225805
1992-06-01,21.27
1992-07-01,23.187096774193545
1992-08-01,22.54516129032258
1992-09-01,18.65666666666667
1992-10-01,11.45483870967742
1992-11-01,10.610000000000001
1992-12-01,5.983870967741935
1993-01-01,8.432258064516128
1993-02-01,4.492857142857143
1993-03-01,11.05483870967742
1993-04-01,16.28666666666667
1993-05-01,19.358064516129033
1993-06-01,21.116666666666667
1993-07-01,21.14516129032258
1993-08-01,20.33225806451613
1993-09-01,17.12
1993-10-01,12.238709677419354
1993-11-01,5.463333333333334
1993-12-01,7.300000000000001
1994-01-01,7.04516129032258
1994-02-01,5.678571428571429
1994-03-01,11.096774193548388
1994-04-01,13.270000000000001
1994-05-01,17.05483870967742
1994-06-01,20.926666666666666
1994-07-01,26.748387096774195
1994-08-01,22.37741935483871
1994-09-01,17.30666666666667
1994-10-01,14.216129032258063
1994-11-01,12.813333333333333
1994-12-01,7.958064516129032
1995-01-01,6.651612903225806
1995-02-01,9.410714285714286
1995-03-01,9.641935483870967
1995-04-01,13.1
1995-05-01,18.34193548387097
1995-06-01,18.876666666666665
1995-07-01,25.85483870967742
1995-08-01,25.338709677419356
1995-09-01,17.98
1995-10-01,17.541935483870965
1995-11-01,10.196666666666665
1995-12-01,3.206451612903226
1996-01-01,4.754838709677419
1996-02-01,3.793103448275862
1996-03-01,7.670967741935484
1996-04-01,15.229999999999999
1996-05-01,14.600000000000001
1996-06-01,20.783333333333335
1996-07-01,21.629032258064516
1996-08-01,22.17096774193548
1996-09-01,16.786666666666665
1996-10-01,14.793548387096775
1996-11-01,7.760000000000001
1996-12-01,2.8580645161290326
1997-01-01,2.5258064516129033
1997-02-01,9.24642857142857
1997-03-01,12.306451612903226
1997-04-01,12.913333333333334
1997-05-01,18.02258064516129
1997-06-01,20.503333333333334
1997-07-01,21.925806451612903
1997-08-01,26.200000000000003
1997-09-01,19.726666666666667
1997-10-01,14.3
1997-11-01,9.823333333333332
1997-12-01,7.132258064516129
1998-01-01,6.996774193548387
1998-02-01,9.785714285714286
1998-03-01,10.94516129032258
1998-04-01,12.966666666666667
1998-05-01,19.835483870967742
1998-06-01,20.616666666666667
1998-07-01,20.574193548387097
1998-08-01,22.154838709677417
1998-09-01,18.9
1998-10-01,12.329032258064515
1998-11-01,6.663333333333333
1998-12-01,6.706451612903226
1999-01-01,7.706451612903226
1999-02-01,5.860714285714286
1999-03-01,11.329032258064515
1999-04-01,14.163333333333332
1999-05-01,19.293548387096774
1999-06-01,19.93
1999-07-01,24.151612903225807
1999-08-01,22.416129032258063
1999-09-01,21.673333333333336
1999-10-01,14.2
1999-11-01,8.526666666666667
1999-12-01,6.451612903225806
2000-01-01,6.067741935483871
2000-02-01,9.089655172413794
2000-03-01,10.251612903225807
2000-04-01,14.65
2000-05-01,19.093548387096774
2000-06-01,21.39333333333333
2000-07-01,18.9741935483871
2000-08-01,23.032258064516128
2000-09-01,19.89
2000-10-01,14.348387096774195
2000-11-01,10.09
2000-12-01,7.819354838709677
2001-01-01,5.890322580645161
2001-02-01,7.396428571428571
2001-03-01,9.516129032258064
2001-04-01,12.263333333333332
2001-05-01,19.661290322580644
2001-06-01,20.113333333333333
2001-07-01,23.174193548387095
2001-08-01,23.75483870967742
2001-09-01,16.34
2001-10-01,17.883870967741935
2001-11-01,9.233333333333333
2001-12-01,4.858064516129032
2002-01-01,7.054838709677419
2002-02-01,9.789285714285715
2002-03-01,11.635483870967741
2002-04-01,14.426666666666668
2002-05-01,17.783870967741933
2002-06-01,21.41
2002-07-01,22.019354838709678
2002-08-01,22.29032258064516
2002-09-01,18.65
2002-10-01,13.82258064516129
2002-11-01,11.186666666666667
2002-12-01,6.422580645161291
2003-01-01,4.619354838709677
2003-02-01,6.542857142857143
2003-03-01,13.170967741935485
2003-04-01,15.243333333333334
2003-05-01,18.13225806451613
2003-06-01,23.846666666666668
2003-07-01,24.27741935483871
2003-08-01,25.325806451612905
2003-09-01,20.583333333333332
2003-10-01,11.529032258064515
2003-11-01,11.033333333333333
2003-12-01,7.241935483870968
2004-01-01,5.358064516129032
2004-02-01,7.558620689655172
2004-03-01,10.403225806451612
2004-04-01,15.203333333333335
2004-05-01,17.06451612903226
2004-06-01,20.68
2004-07-01,21.861290322580647
2004-08-01,23.080645161290324
2004-09-01,19.953333333333333
2004-10-01,15.206451612903225
2004-11-01,9.153333333333334
2004-12-01,5.116129032258065
2005-01-01,7.190322580645161
2005-02-01,4.928571428571429
2005-03-01,10.619354838709677
2005-04-01,14.696666666666665
2005-05-01,18.016129032258064
2005-06-01,23.216666666666665
2005-07-01,22.98709677419355
2005-08-01,21.406451612903226
2005-09-01,21.186666666666667
2005-10-01,18.0258064516129
2005-11-01,8.95
2005-12-01,5.738709677419355
2006-01-01,4.52258064516129
2006-02-01,4.828571428571428
2006-03-01,8.438709677419354
2006-04-01,13.983333333333333
2006-05-01,18.774193548387096
2006-06-01,22.040000000000003
2006-07-01,28.583870967741937
2006-08-01,20.20967741935484
2006-09-01,23.36
2006-10-01,18.006451612903227
2006-11-01,12.383333333333333
2006-12-01,8.05483870967742
2007-01-01,9.30967741935484
2007-02-01,9.635714285714286
2007-03-01,12.138709677419355
2007-04-01,20.53666666666667
2007-05-01,18.980645161290322
2007-06-01,21.853333333333335
2007-07-01,21.66774193548387
2007-08-01,21.296774193548387
2007-09-01,18.243333333333332
2007-10-01,14.04516129032258
2007-11-01,9.270000000000001
2007-12-01,6.809677419354839
2008-01-01,8.574193548387097
2008-02-01,10.317241379310344
2008-03-01,9.44516129032258
2008-04-01,13.893333333333334
2008-05-01,21.338709677419356
2008-06-01,20.69
2008-07-01,22.40967741935484
2008-08-01,21.729032258064517
2008-09-01,18.243333333333332
2008-10-01,14.332258064516129
2008-11-01,9.446666666666665
2008-12-01,5.129032258064516
2009-01-01,3.674193548387097
2009-02-01,6.314285714285715
2009-03-01,10.887096774193548
2009-04-01,17.493333333333332
2009-05-01,19.206451612903226
2009-06-01,21.293333333333333
2009-07-01,23.603225806451615
2009-08-01,24.883870967741935
2009-09-01,20.466666666666665
2009-10-01,15.135483870967741
2009-11-01,12.123333333333333
2009-12-01,5.419354838709677
2010-01-01,2.2451612903225806
2010-02-01,5.182142857142857
2010-03-01,10.580645161290322
2010-04-01,15.71
2010-05-01,15.46774193548387
2010-06-01,22.353333333333335
2010-07-01,25.77741935483871
2010-08-01,21.45483870967742
2010-09-01,18.596666666666668
2010-10-01,14.693548387096774
2010-11-01,8.223333333333333
2010-12-01,1.2322580645161292
2011-01-01,6.580645161290323
2011-02-01,8.035714285714286
2011-03-01,12.464516129032257
2011-04-01,19.64333333333333
2011-05-01,20.0
2011-06-01,21.67
2011-07-01,20.096774193548388
2011-08-01,21.896774193548385
2011-09-01,21.209999999999997
2011-10-01,16.519354838709678
2011-11-01,12.656666666666666
2011-12-01,8.609677419354838
2012-01-01,7.787096774193548
2012-02-01,3.531034482758621
2012-03-01,13.296774193548387
2012-04-01,12.563333333333333
2012-05-01,19.206451612903226
2012-06-01,19.543333333333333
2012-07-01,21.81935483870968
2012-08-01,24.261290322580646
2012-09-01,19.473333333333336
2012-10-01,14.983870967741936
2012-11-01,9.67
2012-12-01,7.245161290322581
2013-01-01,3.9451612903225803
2013-02-01,3.6785714285714284
2013-03-01,6.254838709677419
2013-04-01,13.270000000000001
2013-05-01,15.009677419354839
2013-06-01,20.029999999999998
2013-07-01,24.916129032258063
2013-08-01,23.31935483870968
2013-09-01,18.970000000000002
2013-10-01,16.3
2013-11-01,8.7
2013-12-01,8.719354838709679
2014-01-01,8.509677419354839
2014-02-01,9.492857142857144
2014-03-01,14.180645161290323
2014-04-01,16.883333333333333
2014-05-01,17.74516129032258
2014-06-01,20.983333333333334
2014-07-01,23.42258064516129
2014-08-01,20.103225806451615
2014-09-01,20.703333333333333
2014-10-01,16.967741935483872
2014-11-01,11.596666666666666
2014-12-01,6.412903225806452
2015-01-01,5.854838709677419
2015-02-01,6.346428571428571
2015-03-01,10.303225806451612
2015-04-01,15.146666666666667
2015-05-01,17.44516129032258
2015-06-01,21.233333333333334
2015-07-01,23.409677419354836
2015-08-01,24.55483870967742
2015-09-01,17.646666666666665
2015-10-01,13.83548387096774
2015-11-01,12.956666666666667
2015-12-01,11.670967741935485
2016-01-01,7.193548387096774
2016-02-01,7.203448275862069
2016-03-01,8.974193548387097
2016-04-01,12.596666666666666
2016-05-01,18.61935483870968
2016-06-01,19.946666666666665
2016-07-01,22.61935483870968
2016-08-01,22.793548387096774
2016-09-01,22.4
2016-10-01,13.432258064516128
2016-11-01,8.623333333333333
2016-12-01,7.512903225806451
2017-01-01,3.661290322580645
2017-02-01,8.660714285714286
2017-03-01,13.712903225806452
2017-04-01,13.370000000000001
2017-05-01,20.46451612903226
2017-06-01,23.84
2017-07-01,23.07741935483871
2017-08-01,22.580645161290324
2017-09-01,18.433333333333334
2017-10-01,16.55806451612903
2017-11-01,9.413333333333332
2017-12-01,6.193548387096774
2018-01-01,8.129032258064516
2018-02-01,4.314285714285714
2018-03-01,8.961290322580645
2018-04-01,17.69333333333333
2018-05-01,21.796774193548387
2018-06-01,22.566666666666666
2018-07-01,27.361290322580647
2018-08-01,24.154838709677417
2018-09-01,20.526666666666664
2018-10-01,16.98709677419355
2018-11-01,10.576666666666666
2018-12-01,8.116129032258064
2019-01-01,4.935483870967742
2019-02-01,11.475
2019-03-01,11.932258064516128
2019-04-01,15.853333333333333
2019-05-01,16.26451612903226
2019-06-01,23.623333333333335
2019-07-01,24.241935483870968
2019-08-01,24.16774193548387
2019-09-01,19.75
2019-10-01,15.26774193548387
2019-11-01,9.416666666666666
2019-12-01,8.380645161290323
2020-01-01,8.238709677419354
2020-02-01,9.879310344827585
2020-03-01,10.90967741935484
2020-04-01,18.346666666666668
2020-05-01,19.519354838709678
2020-06-01,22.073333333333334
2020-07-01,22.396774193548385
2020-08-01,26.10967741935484
2020-09-01,21.45
2020-10-01,14.325806451612904
2020-11-01,12.453333333333335
2020-12-01,7.65483870967742
2021-01-01,5.02258064516129
2021-02-01,8.664285714285715
2021-03-01,11.19032258064516
2021-04-01,11.806666666666667
2021-05-01,15.94516129032258
2021-06-01,22.86
2021-07-01,21.845161290322583
2021-08-01,20.687096774193545
2021-09-01,21.18
2021-10-01,15.332258064516129
2021-11-01,9.153333333333334
2021-12-01,7.645161290322581
2022-01-01,6.541935483870968
2022-02-01,9.785714285714286
2022-03-01,13.716129032258063
2022-04-01,14.54
2022-05-01,20.251612903225805
2022-06-01,22.513333333333332
2022-07-01,24.6
2022-08-01,26.799999999999997
2022-09-01,19.563333333333333
2022-10-01,18.638709677419353
2022-11-01,11.813333333333333
2022-12-01,6.632258064516129
