years,component,mean,lower,upper,sd
10,level,0.00040604568172329913,-1.2841348881426016,1.2988706693029208,0.6269493063736317
10,slope,0.00032889152717223896,-0.592269613513706,0.5967184075842621,0.28773706162320406
10,seasonal,0.0009704660802555122,-0.9168205654957962,0.9323672564116121,0.44878066522586
10,initial_rate,7.06445627948483e-06,-0.7864997037213878,0.782861060475394,0.3999151774283156
10,combined,0.0017124677454305349,-1.8479397087191847,1.8522444760070398,0.9135280357810971
30,level,0.0011425992099562492,-2.2289050756704443,2.25166559050996,1.0851308585285075
30,slope,0.0018510454061156202,-3.108861799531347,3.138920045802028,1.5064549670907328
30,seasonal,0.0005357282255241834,-1.606773781919993,1.6032479791226462,0.775788925927064
30,initial_rate,2.1193368838453542e-05,-2.3594991111641637,2.348583181426182,1.1997455322849468
30,combined,0.0035505662104345047,-4.688405893955028,4.723943792134307,2.338767209928052
