task,kind,variant,channel,frequency,scope,sampling_role,chains,warmup,retained_per_chain,forecast_draws,validation_draws,origin,horizon,A_or_SD_alpha,A_or_SD_beta,A_or_SD_gamma,initial_slope_SD,interval,max_rhat,min_ESS
final_posterior_reference,posterior,reference,joint,seasonal,shared,reference,4,2000,4000,50000,10000,,120,0.1,0.002,0.1,0.01,0.95,1.01,400
final_pre2019_reference_2019-05,pre2019,reference,joint,seasonal,shared,screen,2,1000,1000,50000,10000,2019-05,1,0.1,0.002,0.1,0.01,0.95,1.05,200
final_pre2019_half_slope_2019-05,pre2019,half_slope,joint,seasonal,shared,screen,2,1000,1000,50000,10000,2019-05,1,0.1,0.001,0.1,0.01,0.95,1.05,200
final_pre2019_double_slope_2019-05,pre2019,double_slope,joint,seasonal,shared,screen,2,1000,1000,50000,10000,2019-05,1,0.1,0.004,0.1,0.01,0.95,1.05,200
final_pre2019_xi_narrow_2019-05,pre2019,xi_narrow,joint,seasonal,shared,screen,2,1000,1000,50000,10000,2019-05,1,0.1,0.002,0.1,0.01,0.95,1.05,200
final_pre2019_xi_wide_2019-05,pre2019,xi_wide,joint,seasonal,shared,screen,2,1000,1000,50000,10000,2019-05,1,0.1,0.002,0.1,0.01,0.95,1.05,200
final_pre2019_independent_reference_2019-05_TXm,pre2019,independent_reference,TXm,seasonal,independent,screen,2,1000,1000,50000,10000,2019-05,1,0.1,0.002,0.1,0.01,0.95,1.05,200
final_pre2019_independent_reference_2019-05_TNm,pre2019,independent_reference,TNm,seasonal,independent,screen,2,1000,1000,50000,10000,2019-05,1,0.1,0.002,0.1,0.01,0.95,1.05,200
final_pre2019_independent_reference_2019-05_TXx,pre2019,independent_reference,TXx,seasonal,independent,screen,2,1000,1000,50000,10000,2019-05,1,0.1,0.002,0.1,0.01,0.95,1.05,200
final_pre2019_independent_reference_2019-05_TXn,pre2019,independent_reference,TXn,seasonal,independent,screen,2,1000,1000,50000,10000,2019-05,1,0.1,0.002,0.1,0.01,0.95,1.05,200
final_pre2019_independent_reference_2019-05_TNx,pre2019,independent_reference,TNx,seasonal,independent,screen,2,1000,1000,50000,10000,2019-05,1,0.1,0.002,0.1,0.01,0.95,1.05,200
final_pre2019_independent_reference_2019-05_TNn,pre2019,independent_reference,TNn,seasonal,independent,screen,2,1000,1000,50000,10000,2019-05,1,0.1,0.002,0.1,0.01,0.95,1.05,200
final_pre2019_fixed_reference_2019-05_TXm,pre2019,fixed_reference,TXm,seasonal,fixed,screen,2,1000,1000,50000,10000,2019-05,1,0.1,0.002,0.1,0.01,0.95,1.05,200
final_pre2019_fixed_reference_2019-05_TNm,pre2019,fixed_reference,TNm,seasonal,fixed,screen,2,1000,1000,50000,10000,2019-05,1,0.1,0.002,0.1,0.01,0.95,1.05,200
final_pre2019_fixed_reference_2019-05_TXx,pre2019,fixed_reference,TXx,seasonal,fixed,screen,2,1000,1000,50000,10000,2019-05,1,0.1,0.002,0.1,0.01,0.95,1.05,200
final_pre2019_fixed_reference_2019-05_TXn,pre2019,fixed_reference,TXn,seasonal,fixed,screen,2,1000,1000,50000,10000,2019-05,1,0.1,0.002,0.1,0.01,0.95,1.05,200
final_pre2019_fixed_reference_2019-05_TNx,pre2019,fixed_reference,TNx,seasonal,fixed,screen,2,1000,1000,50000,10000,2019-05,1,0.1,0.002,0.1,0.01,0.95,1.05,200
final_pre2019_fixed_reference_2019-05_TNn,pre2019,fixed_reference,TNn,seasonal,fixed,screen,2,1000,1000,50000,10000,2019-05,1,0.1,0.002,0.1,0.01,0.95,1.05,200
final_posterior_half_level_half_slope,posterior,half_level_half_slope,joint,seasonal,shared,screen,2,1000,1000,50000,10000,,120,0.05,0.001,0.1,0.01,0.95,1.05,200
final_posterior_half_level,posterior,half_level,joint,seasonal,shared,screen,2,1000,1000,50000,10000,,120,0.05,0.002,0.1,0.01,0.95,1.05,200
final_posterior_half_level_double_slope,posterior,half_level_double_slope,joint,seasonal,shared,screen,2,1000,1000,50000,10000,,120,0.05,0.004,0.1,0.01,0.95,1.05,200
final_posterior_half_slope,posterior,half_slope,joint,seasonal,shared,screen,2,1000,1000,50000,10000,,120,0.1,0.001,0.1,0.01,0.95,1.05,200
final_posterior_double_slope,posterior,double_slope,joint,seasonal,shared,screen,2,1000,1000,50000,10000,,120,0.1,0.004,0.1,0.01,0.95,1.05,200
final_posterior_double_level_half_slope,posterior,double_level_half_slope,joint,seasonal,shared,screen,2,1000,1000,50000,10000,,120,0.2,0.001,0.1,0.01,0.95,1.05,200
final_posterior_double_level,posterior,double_level,joint,seasonal,shared,screen,2,1000,1000,50000,10000,,120,0.2,0.002,0.1,0.01,0.95,1.05,200
final_posterior_double_level_double_slope,posterior,double_level_double_slope,joint,seasonal,shared,screen,2,1000,1000,50000,10000,,120,0.2,0.004,0.1,0.01,0.95,1.05,200
final_posterior_seasonal_5e2,posterior,seasonal_5e2,joint,seasonal,shared,screen,2,1000,1000,50000,10000,,120,0.1,0.002,0.05,0.01,0.95,1.05,200
final_posterior_double_seasonal,posterior,double_seasonal,joint,seasonal,shared,screen,2,1000,1000,50000,10000,,120,0.1,0.002,0.2,0.01,0.95,1.05,200
final_posterior_fixed_location_seasonality,posterior,fixed_location_seasonality,joint,seasonal,shared,screen,2,1000,1000,50000,10000,,120,0.1,0.002,0.1,0.01,0.95,1.05,200
final_posterior_half_initial_slope,posterior,half_initial_slope,joint,seasonal,shared,screen,2,1000,1000,50000,10000,,120,0.1,0.002,0.1,0.005,0.95,1.05,200
final_posterior_double_initial_slope,posterior,double_initial_slope,joint,seasonal,shared,screen,2,1000,1000,50000,10000,,120,0.1,0.002,0.1,0.02,0.95,1.05,200
final_posterior_initial_state_narrow,posterior,initial_state_narrow,joint,seasonal,shared,screen,2,1000,1000,50000,10000,,120,0.1,0.002,0.1,0.01,0.95,1.05,200
final_posterior_initial_state_wide,posterior,initial_state_wide,joint,seasonal,shared,screen,2,1000,1000,50000,10000,,120,0.1,0.002,0.1,0.01,0.95,1.05,200
final_posterior_xi_narrow,posterior,xi_narrow,joint,seasonal,shared,screen,2,1000,1000,50000,10000,,120,0.1,0.002,0.1,0.01,0.95,1.05,200
final_posterior_xi_wide,posterior,xi_wide,joint,seasonal,shared,screen,2,1000,1000,50000,10000,,120,0.1,0.002,0.1,0.01,0.95,1.05,200
final_posterior_constant_dispersion,posterior,constant_dispersion,joint,seasonal,shared,screen,2,1000,1000,50000,10000,,120,0.1,0.002,0.1,0.01,0.95,1.05,200
final_posterior_narrow_seasonal_log_scale,posterior,narrow_seasonal_log_scale,joint,seasonal,shared,screen,2,1000,1000,50000,10000,,120,0.1,0.002,0.1,0.01,0.95,1.05,200
final_posterior_wide_seasonal_log_scale,posterior,wide_seasonal_log_scale,joint,seasonal,shared,screen,2,1000,1000,50000,10000,,120,0.1,0.002,0.1,0.01,0.95,1.05,200
final_posterior_observation_scale_half,posterior,observation_scale_half,joint,seasonal,shared,screen,2,1000,1000,50000,10000,,120,0.1,0.002,0.1,0.01,0.95,1.05,200
final_posterior_observation_scale_double,posterior,observation_scale_double,joint,seasonal,shared,screen,2,1000,1000,50000,10000,,120,0.1,0.002,0.1,0.01,0.95,1.05,200
final_posterior_independent_reference_TXm,posterior,independent_reference,TXm,seasonal,independent,screen,2,1000,1000,50000,10000,,120,0.1,0.002,0.1,0.01,0.95,1.05,200
final_posterior_independent_reference_TNm,posterior,independent_reference,TNm,seasonal,independent,screen,2,1000,1000,50000,10000,,120,0.1,0.002,0.1,0.01,0.95,1.05,200
final_posterior_independent_reference_TXx,posterior,independent_reference,TXx,seasonal,independent,screen,2,1000,1000,50000,10000,,120,0.1,0.002,0.1,0.01,0.95,1.05,200
final_posterior_independent_reference_TXn,posterior,independent_reference,TXn,seasonal,independent,screen,2,1000,1000,50000,10000,,120,0.1,0.002,0.1,0.01,0.95,1.05,200
final_posterior_independent_reference_TNx,posterior,independent_reference,TNx,seasonal,independent,screen,2,1000,1000,50000,10000,,120,0.1,0.002,0.1,0.01,0.95,1.05,200
final_posterior_independent_reference_TNn,posterior,independent_reference,TNn,seasonal,independent,screen,2,1000,1000,50000,10000,,120,0.1,0.002,0.1,0.01,0.95,1.05,200
final_posterior_fixed_reference_TXm,posterior,fixed_reference,TXm,seasonal,fixed,screen,2,1000,1000,50000,10000,,120,0.1,0.002,0.1,0.01,0.95,1.05,200
final_posterior_fixed_reference_TNm,posterior,fixed_reference,TNm,seasonal,fixed,screen,2,1000,1000,50000,10000,,120,0.1,0.002,0.1,0.01,0.95,1.05,200
final_posterior_fixed_reference_TXx,posterior,fixed_reference,TXx,seasonal,fixed,screen,2,1000,1000,50000,10000,,120,0.1,0.002,0.1,0.01,0.95,1.05,200
final_posterior_fixed_reference_TXn,posterior,fixed_reference,TXn,seasonal,fixed,screen,2,1000,1000,50000,10000,,120,0.1,0.002,0.1,0.01,0.95,1.05,200
final_posterior_fixed_reference_TNx,posterior,fixed_reference,TNx,seasonal,fixed,screen,2,1000,1000,50000,10000,,120,0.1,0.002,0.1,0.01,0.95,1.05,200
final_posterior_fixed_reference_TNn,posterior,fixed_reference,TNn,seasonal,fixed,screen,2,1000,1000,50000,10000,,120,0.1,0.002,0.1,0.01,0.95,1.05,200
final_forecast_reference_1970-11,forecast,reference,joint,seasonal,shared,screen,2,1000,1000,50000,10000,1970-11,140,0.1,0.002,0.1,0.01,0.95,1.05,200
final_forecast_reference_1975-11,forecast,reference,joint,seasonal,shared,screen,2,1000,1000,50000,10000,1975-11,140,0.1,0.002,0.1,0.01,0.95,1.05,200
final_forecast_reference_1980-11,forecast,reference,joint,seasonal,shared,screen,2,1000,1000,50000,10000,1980-11,140,0.1,0.002,0.1,0.01,0.95,1.05,200
final_forecast_reference_1985-11,forecast,reference,joint,seasonal,shared,screen,2,1000,1000,50000,10000,1985-11,140,0.1,0.002,0.1,0.01,0.95,1.05,200
final_forecast_reference_1990-11,forecast,reference,joint,seasonal,shared,screen,2,1000,1000,50000,10000,1990-11,140,0.1,0.002,0.1,0.01,0.95,1.05,200
final_forecast_reference_1995-11,forecast,reference,joint,seasonal,shared,screen,2,1000,1000,50000,10000,1995-11,140,0.1,0.002,0.1,0.01,0.95,1.05,200
final_forecast_reference_2000-11,forecast,reference,joint,seasonal,shared,screen,2,1000,1000,50000,10000,2000-11,140,0.1,0.002,0.1,0.01,0.95,1.05,200
final_forecast_reference_2005-11,forecast,reference,joint,seasonal,shared,screen,2,1000,1000,50000,10000,2005-11,140,0.1,0.002,0.1,0.01,0.95,1.05,200
final_forecast_reference_2010-11,forecast,reference,joint,seasonal,shared,screen,2,1000,1000,50000,10000,2010-11,140,0.1,0.002,0.1,0.01,0.95,1.05,200
final_forecast_reference_2015-11,forecast,reference,joint,seasonal,shared,screen,2,1000,1000,50000,10000,2015-11,140,0.1,0.002,0.1,0.01,0.95,1.05,200
final_forecast_reference_2020-11,forecast,reference,joint,seasonal,shared,screen,2,1000,1000,50000,10000,2020-11,140,0.1,0.002,0.1,0.01,0.95,1.05,200
final_forecast_half_slope_2010-11,forecast,half_slope,joint,seasonal,shared,screen,2,1000,1000,50000,10000,2010-11,140,0.1,0.001,0.1,0.01,0.95,1.05,200
final_forecast_half_slope_2015-11,forecast,half_slope,joint,seasonal,shared,screen,2,1000,1000,50000,10000,2015-11,140,0.1,0.001,0.1,0.01,0.95,1.05,200
final_forecast_half_slope_2020-11,forecast,half_slope,joint,seasonal,shared,screen,2,1000,1000,50000,10000,2020-11,140,0.1,0.001,0.1,0.01,0.95,1.05,200
final_forecast_double_slope_2010-11,forecast,double_slope,joint,seasonal,shared,screen,2,1000,1000,50000,10000,2010-11,140,0.1,0.004,0.1,0.01,0.95,1.05,200
final_forecast_double_slope_2015-11,forecast,double_slope,joint,seasonal,shared,screen,2,1000,1000,50000,10000,2015-11,140,0.1,0.004,0.1,0.01,0.95,1.05,200
final_forecast_double_slope_2020-11,forecast,double_slope,joint,seasonal,shared,screen,2,1000,1000,50000,10000,2020-11,140,0.1,0.004,0.1,0.01,0.95,1.05,200
final_forecast_xi_narrow_2010-11,forecast,xi_narrow,joint,seasonal,shared,screen,2,1000,1000,50000,10000,2010-11,140,0.1,0.002,0.1,0.01,0.95,1.05,200
final_forecast_xi_narrow_2015-11,forecast,xi_narrow,joint,seasonal,shared,screen,2,1000,1000,50000,10000,2015-11,140,0.1,0.002,0.1,0.01,0.95,1.05,200
final_forecast_xi_narrow_2020-11,forecast,xi_narrow,joint,seasonal,shared,screen,2,1000,1000,50000,10000,2020-11,140,0.1,0.002,0.1,0.01,0.95,1.05,200
final_forecast_xi_wide_2010-11,forecast,xi_wide,joint,seasonal,shared,screen,2,1000,1000,50000,10000,2010-11,140,0.1,0.002,0.1,0.01,0.95,1.05,200
final_forecast_xi_wide_2015-11,forecast,xi_wide,joint,seasonal,shared,screen,2,1000,1000,50000,10000,2015-11,140,0.1,0.002,0.1,0.01,0.95,1.05,200
final_forecast_xi_wide_2020-11,forecast,xi_wide,joint,seasonal,shared,screen,2,1000,1000,50000,10000,2020-11,140,0.1,0.002,0.1,0.01,0.95,1.05,200
final_forecast_independent_reference_2010-11_TXm,forecast,independent_reference,TXm,seasonal,independent,screen,2,1000,1000,50000,10000,2010-11,140,0.1,0.002,0.1,0.01,0.95,1.05,200
final_forecast_independent_reference_2010-11_TNm,forecast,independent_reference,TNm,seasonal,independent,screen,2,1000,1000,50000,10000,2010-11,140,0.1,0.002,0.1,0.01,0.95,1.05,200
final_forecast_independent_reference_2010-11_TXx,forecast,independent_reference,TXx,seasonal,independent,screen,2,1000,1000,50000,10000,2010-11,140,0.1,0.002,0.1,0.01,0.95,1.05,200
final_forecast_independent_reference_2010-11_TXn,forecast,independent_reference,TXn,seasonal,independent,screen,2,1000,1000,50000,10000,2010-11,140,0.1,0.002,0.1,0.01,0.95,1.05,200
final_forecast_independent_reference_2010-11_TNx,forecast,independent_reference,TNx,seasonal,independent,screen,2,1000,1000,50000,10000,2010-11,140,0.1,0.002,0.1,0.01,0.95,1.05,200
final_forecast_independent_reference_2010-11_TNn,forecast,independent_reference,TNn,seasonal,independent,screen,2,1000,1000,50000,10000,2010-11,140,0.1,0.002,0.1,0.01,0.95,1.05,200
final_forecast_independent_reference_2015-11_TXm,forecast,independent_reference,TXm,seasonal,independent,screen,2,1000,1000,50000,10000,2015-11,140,0.1,0.002,0.1,0.01,0.95,1.05,200
final_forecast_independent_reference_2015-11_TNm,forecast,independent_reference,TNm,seasonal,independent,screen,2,1000,1000,50000,10000,2015-11,140,0.1,0.002,0.1,0.01,0.95,1.05,200
final_forecast_independent_reference_2015-11_TXx,forecast,independent_reference,TXx,seasonal,independent,screen,2,1000,1000,50000,10000,2015-11,140,0.1,0.002,0.1,0.01,0.95,1.05,200
final_forecast_independent_reference_2015-11_TXn,forecast,independent_reference,TXn,seasonal,independent,screen,2,1000,1000,50000,10000,2015-11,140,0.1,0.002,0.1,0.01,0.95,1.05,200
final_forecast_independent_reference_2015-11_TNx,forecast,independent_reference,TNx,seasonal,independent,screen,2,1000,1000,50000,10000,2015-11,140,0.1,0.002,0.1,0.01,0.95,1.05,200
final_forecast_independent_reference_2015-11_TNn,forecast,independent_reference,TNn,seasonal,independent,screen,2,1000,1000,50000,10000,2015-11,140,0.1,0.002,0.1,0.01,0.95,1.05,200
final_forecast_independent_reference_2020-11_TXm,forecast,independent_reference,TXm,seasonal,independent,screen,2,1000,1000,50000,10000,2020-11,140,0.1,0.002,0.1,0.01,0.95,1.05,200
final_forecast_independent_reference_2020-11_TNm,forecast,independent_reference,TNm,seasonal,independent,screen,2,1000,1000,50000,10000,2020-11,140,0.1,0.002,0.1,0.01,0.95,1.05,200
final_forecast_independent_reference_2020-11_TXx,forecast,independent_reference,TXx,seasonal,independent,screen,2,1000,1000,50000,10000,2020-11,140,0.1,0.002,0.1,0.01,0.95,1.05,200
final_forecast_independent_reference_2020-11_TXn,forecast,independent_reference,TXn,seasonal,independent,screen,2,1000,1000,50000,10000,2020-11,140,0.1,0.002,0.1,0.01,0.95,1.05,200
final_forecast_independent_reference_2020-11_TNx,forecast,independent_reference,TNx,seasonal,independent,screen,2,1000,1000,50000,10000,2020-11,140,0.1,0.002,0.1,0.01,0.95,1.05,200
final_forecast_independent_reference_2020-11_TNn,forecast,independent_reference,TNn,seasonal,independent,screen,2,1000,1000,50000,10000,2020-11,140,0.1,0.002,0.1,0.01,0.95,1.05,200
final_forecast_fixed_reference_2010-11_TXm,forecast,fixed_reference,TXm,seasonal,fixed,screen,2,1000,1000,50000,10000,2010-11,140,0.1,0.002,0.1,0.01,0.95,1.05,200
final_forecast_fixed_reference_2010-11_TNm,forecast,fixed_reference,TNm,seasonal,fixed,screen,2,1000,1000,50000,10000,2010-11,140,0.1,0.002,0.1,0.01,0.95,1.05,200
final_forecast_fixed_reference_2010-11_TXx,forecast,fixed_reference,TXx,seasonal,fixed,screen,2,1000,1000,50000,10000,2010-11,140,0.1,0.002,0.1,0.01,0.95,1.05,200
final_forecast_fixed_reference_2010-11_TXn,forecast,fixed_reference,TXn,seasonal,fixed,screen,2,1000,1000,50000,10000,2010-11,140,0.1,0.002,0.1,0.01,0.95,1.05,200
final_forecast_fixed_reference_2010-11_TNx,forecast,fixed_reference,TNx,seasonal,fixed,screen,2,1000,1000,50000,10000,2010-11,140,0.1,0.002,0.1,0.01,0.95,1.05,200
final_forecast_fixed_reference_2010-11_TNn,forecast,fixed_reference,TNn,seasonal,fixed,screen,2,1000,1000,50000,10000,2010-11,140,0.1,0.002,0.1,0.01,0.95,1.05,200
final_forecast_fixed_reference_2015-11_TXm,forecast,fixed_reference,TXm,seasonal,fixed,screen,2,1000,1000,50000,10000,2015-11,140,0.1,0.002,0.1,0.01,0.95,1.05,200
final_forecast_fixed_reference_2015-11_TNm,forecast,fixed_reference,TNm,seasonal,fixed,screen,2,1000,1000,50000,10000,2015-11,140,0.1,0.002,0.1,0.01,0.95,1.05,200
final_forecast_fixed_reference_2015-11_TXx,forecast,fixed_reference,TXx,seasonal,fixed,screen,2,1000,1000,50000,10000,2015-11,140,0.1,0.002,0.1,0.01,0.95,1.05,200
final_forecast_fixed_reference_2015-11_TXn,forecast,fixed_reference,TXn,seasonal,fixed,screen,2,1000,1000,50000,10000,2015-11,140,0.1,0.002,0.1,0.01,0.95,1.05,200
final_forecast_fixed_reference_2015-11_TNx,forecast,fixed_reference,TNx,seasonal,fixed,screen,2,1000,1000,50000,10000,2015-11,140,0.1,0.002,0.1,0.01,0.95,1.05,200
final_forecast_fixed_reference_2015-11_TNn,forecast,fixed_reference,TNn,seasonal,fixed,screen,2,1000,1000,50000,10000,2015-11,140,0.1,0.002,0.1,0.01,0.95,1.05,200
final_forecast_fixed_reference_2020-11_TXm,forecast,fixed_reference,TXm,seasonal,fixed,screen,2,1000,1000,50000,10000,2020-11,140,0.1,0.002,0.1,0.01,0.95,1.05,200
final_forecast_fixed_reference_2020-11_TNm,forecast,fixed_reference,TNm,seasonal,fixed,screen,2,1000,1000,50000,10000,2020-11,140,0.1,0.002,0.1,0.01,0.95,1.05,200
final_forecast_fixed_reference_2020-11_TXx,forecast,fixed_reference,TXx,seasonal,fixed,screen,2,1000,1000,50000,10000,2020-11,140,0.1,0.002,0.1,0.01,0.95,1.05,200
final_forecast_fixed_reference_2020-11_TXn,forecast,fixed_reference,TXn,seasonal,fixed,screen,2,1000,1000,50000,10000,2020-11,140,0.1,0.002,0.1,0.01,0.95,1.05,200
final_forecast_fixed_reference_2020-11_TNx,forecast,fixed_reference,TNx,seasonal,fixed,screen,2,1000,1000,50000,10000,2020-11,140,0.1,0.002,0.1,0.01,0.95,1.05,200
final_forecast_fixed_reference_2020-11_TNn,forecast,fixed_reference,TNn,seasonal,fixed,screen,2,1000,1000,50000,10000,2020-11,140,0.1,0.002,0.1,0.01,0.95,1.05,200
final_block_reference_seasonal_2010-11,block,reference,joint,seasonal,shared,screen,2,1000,1000,50000,10000,2010-11,20,0.1,0.002,0.1,0.01,0.95,1.05,200
final_block_reference_monthly_2010-11,block,reference,joint,monthly,shared,screen,2,500,500,50000,10000,2010-11,60,0.057735026918962574,0.00038329233110168825,0.1,0.0033333333333333335,0.95,1.05,200
final_block_reference_seasonal_2015-11,block,reference,joint,seasonal,shared,screen,2,1000,1000,50000,10000,2015-11,20,0.1,0.002,0.1,0.01,0.95,1.05,200
final_block_reference_monthly_2015-11,block,reference,joint,monthly,shared,screen,2,500,500,50000,10000,2015-11,60,0.057735026918962574,0.00038329233110168825,0.1,0.0033333333333333335,0.95,1.05,200
final_block_reference_seasonal_2020-11,block,reference,joint,seasonal,shared,screen,2,1000,1000,50000,10000,2020-11,20,0.1,0.002,0.1,0.01,0.95,1.05,200
final_block_reference_monthly_2020-11,block,reference,joint,monthly,shared,screen,2,500,500,50000,10000,2020-11,60,0.057735026918962574,0.00038329233110168825,0.1,0.0033333333333333335,0.95,1.05,200
final_posterior_monthly_fixed_reference_TXm,posterior,monthly_fixed_reference,TXm,monthly,fixed,screen,2,500,500,50000,10000,,360,0.057735026918962574,0.00038329233110168825,0.1,0.0033333333333333335,0.95,1.05,200
final_posterior_monthly_fixed_reference_TNm,posterior,monthly_fixed_reference,TNm,monthly,fixed,screen,2,500,500,50000,10000,,360,0.057735026918962574,0.00038329233110168825,0.1,0.0033333333333333335,0.95,1.05,200
final_posterior_monthly_fixed_reference_TXx,posterior,monthly_fixed_reference,TXx,monthly,fixed,screen,2,500,500,50000,10000,,360,0.057735026918962574,0.00038329233110168825,0.1,0.0033333333333333335,0.95,1.05,200
final_posterior_monthly_fixed_reference_TXn,posterior,monthly_fixed_reference,TXn,monthly,fixed,screen,2,500,500,50000,10000,,360,0.057735026918962574,0.00038329233110168825,0.1,0.0033333333333333335,0.95,1.05,200
final_posterior_monthly_fixed_reference_TNx,posterior,monthly_fixed_reference,TNx,monthly,fixed,screen,2,500,500,50000,10000,,360,0.057735026918962574,0.00038329233110168825,0.1,0.0033333333333333335,0.95,1.05,200
final_posterior_monthly_fixed_reference_TNn,posterior,monthly_fixed_reference,TNn,monthly,fixed,screen,2,500,500,50000,10000,,360,0.057735026918962574,0.00038329233110168825,0.1,0.0033333333333333335,0.95,1.05,200
