id,kind,variant,scope,family,series,origin,fraction,frequency,design,horizon,resource,task_ids,chains,chain_workers,warmup,draws,parallel_fits,required_workers,cpus,memory_gb,hours
posterior_reference,posterior,reference,shared,structural,"['TXm', 'TNm', 'TXx', 'TXn', 'TNx', 'TNn']",,,seasonal,calendar_5y,20,shared,['posterior_reference'],2,2,1000,1000,1,2,2,16,12
pre2019_reference_2019-05,pre2019,reference,shared,structural,"['TXm', 'TNm', 'TXx', 'TXn', 'TNx', 'TNn']",2019-05,,seasonal,calendar_5y,1,shared,['pre2019_reference_2019-05'],2,2,1000,1000,1,2,2,16,12
pre2019_half_t4_2019-05,pre2019,half_t4,shared,hyperprior,"['TXm', 'TNm', 'TXx', 'TXn', 'TNx', 'TNn']",2019-05,,seasonal,calendar_5y,1,shared,['pre2019_half_t4_2019-05'],2,2,1000,1000,1,2,2,16,12
pre2019_half_cauchy_2019-05,pre2019,half_cauchy,shared,hyperprior,"['TXm', 'TNm', 'TXx', 'TXn', 'TNx', 'TNn']",2019-05,,seasonal,calendar_5y,1,shared,['pre2019_half_cauchy_2019-05'],2,2,1000,1000,1,2,2,16,12
pre2019_xi_narrow_2019-05,pre2019,xi_narrow,shared,adequacy,"['TXm', 'TNm', 'TXx', 'TXn', 'TNx', 'TNn']",2019-05,,seasonal,calendar_5y,1,shared,['pre2019_xi_narrow_2019-05'],2,2,1000,1000,1,2,2,16,12
pre2019_xi_wide_2019-05,pre2019,xi_wide,shared,adequacy,"['TXm', 'TNm', 'TXx', 'TXn', 'TNx', 'TNn']",2019-05,,seasonal,calendar_5y,1,shared,['pre2019_xi_wide_2019-05'],2,2,1000,1000,1,2,2,16,12
pre2019_constant_dispersion_2019-05,pre2019,constant_dispersion,shared,adequacy,"['TXm', 'TNm', 'TXx', 'TXn', 'TNx', 'TNn']",2019-05,,seasonal,calendar_5y,1,shared,['pre2019_constant_dispersion_2019-05'],2,2,1000,1000,1,2,2,16,12
forecast_reference_1970-11,forecast,reference,shared,structural,"['TXm', 'TNm', 'TXx', 'TXn', 'TNx', 'TNn']",1970-11,,seasonal,calendar_5y,20,shared,['forecast_reference_1970-11'],2,2,1000,1000,1,2,2,16,12
forecast_reference_1980-11,forecast,reference,shared,structural,"['TXm', 'TNm', 'TXx', 'TXn', 'TNx', 'TNn']",1980-11,,seasonal,calendar_5y,20,shared,['forecast_reference_1980-11'],2,2,1000,1000,1,2,2,16,12
forecast_reference_1990-11,forecast,reference,shared,structural,"['TXm', 'TNm', 'TXx', 'TXn', 'TNx', 'TNn']",1990-11,,seasonal,calendar_5y,20,shared,['forecast_reference_1990-11'],2,2,1000,1000,1,2,2,16,12
forecast_reference_2000-11,forecast,reference,shared,structural,"['TXm', 'TNm', 'TXx', 'TXn', 'TNx', 'TNn']",2000-11,,seasonal,calendar_5y,20,shared,['forecast_reference_2000-11'],2,2,1000,1000,1,2,2,16,12
forecast_reference_2010-11,forecast,reference,shared,structural,"['TXm', 'TNm', 'TXx', 'TXn', 'TNx', 'TNn']",2010-11,,seasonal,calendar_5y,20,shared,['forecast_reference_2010-11'],2,2,1000,1000,1,2,2,16,12
forecast_reference_2015-11,forecast,reference,shared,structural,"['TXm', 'TNm', 'TXx', 'TXn', 'TNx', 'TNn']",2015-11,,seasonal,calendar_5y,20,shared,['forecast_reference_2015-11'],2,2,1000,1000,1,2,2,16,12
forecast_reference_2020-11,forecast,reference,shared,structural,"['TXm', 'TNm', 'TXx', 'TXn', 'TNx', 'TNn']",2020-11,,seasonal,calendar_5y,20,shared,['forecast_reference_2020-11'],2,2,1000,1000,1,2,2,16,12
forecast_half_level_2010-11,forecast,half_level,shared,structural,"['TXm', 'TNm', 'TXx', 'TXn', 'TNx', 'TNn']",2010-11,,seasonal,calendar_5y,20,shared,['forecast_half_level_2010-11'],2,2,1000,1000,1,2,2,16,12
forecast_half_level_2015-11,forecast,half_level,shared,structural,"['TXm', 'TNm', 'TXx', 'TXn', 'TNx', 'TNn']",2015-11,,seasonal,calendar_5y,20,shared,['forecast_half_level_2015-11'],2,2,1000,1000,1,2,2,16,12
forecast_half_level_2020-11,forecast,half_level,shared,structural,"['TXm', 'TNm', 'TXx', 'TXn', 'TNx', 'TNn']",2020-11,,seasonal,calendar_5y,20,shared,['forecast_half_level_2020-11'],2,2,1000,1000,1,2,2,16,12
forecast_double_level_2010-11,forecast,double_level,shared,structural,"['TXm', 'TNm', 'TXx', 'TXn', 'TNx', 'TNn']",2010-11,,seasonal,calendar_5y,20,shared,['forecast_double_level_2010-11'],2,2,1000,1000,1,2,2,16,12
forecast_double_level_2015-11,forecast,double_level,shared,structural,"['TXm', 'TNm', 'TXx', 'TXn', 'TNx', 'TNn']",2015-11,,seasonal,calendar_5y,20,shared,['forecast_double_level_2015-11'],2,2,1000,1000,1,2,2,16,12
forecast_double_level_2020-11,forecast,double_level,shared,structural,"['TXm', 'TNm', 'TXx', 'TXn', 'TNx', 'TNn']",2020-11,,seasonal,calendar_5y,20,shared,['forecast_double_level_2020-11'],2,2,1000,1000,1,2,2,16,12
forecast_half_slope_2010-11,forecast,half_slope,shared,structural,"['TXm', 'TNm', 'TXx', 'TXn', 'TNx', 'TNn']",2010-11,,seasonal,calendar_5y,20,shared,['forecast_half_slope_2010-11'],2,2,1000,1000,1,2,2,16,12
forecast_half_slope_2015-11,forecast,half_slope,shared,structural,"['TXm', 'TNm', 'TXx', 'TXn', 'TNx', 'TNn']",2015-11,,seasonal,calendar_5y,20,shared,['forecast_half_slope_2015-11'],2,2,1000,1000,1,2,2,16,12
forecast_half_slope_2020-11,forecast,half_slope,shared,structural,"['TXm', 'TNm', 'TXx', 'TXn', 'TNx', 'TNn']",2020-11,,seasonal,calendar_5y,20,shared,['forecast_half_slope_2020-11'],2,2,1000,1000,1,2,2,16,12
forecast_double_slope_2010-11,forecast,double_slope,shared,structural,"['TXm', 'TNm', 'TXx', 'TXn', 'TNx', 'TNn']",2010-11,,seasonal,calendar_5y,20,shared,['forecast_double_slope_2010-11'],2,2,1000,1000,1,2,2,16,12
forecast_double_slope_2015-11,forecast,double_slope,shared,structural,"['TXm', 'TNm', 'TXx', 'TXn', 'TNx', 'TNn']",2015-11,,seasonal,calendar_5y,20,shared,['forecast_double_slope_2015-11'],2,2,1000,1000,1,2,2,16,12
forecast_double_slope_2020-11,forecast,double_slope,shared,structural,"['TXm', 'TNm', 'TXx', 'TXn', 'TNx', 'TNn']",2020-11,,seasonal,calendar_5y,20,shared,['forecast_double_slope_2020-11'],2,2,1000,1000,1,2,2,16,12
forecast_half_seasonal_2010-11,forecast,half_seasonal,shared,structural,"['TXm', 'TNm', 'TXx', 'TXn', 'TNx', 'TNn']",2010-11,,seasonal,calendar_5y,20,shared,['forecast_half_seasonal_2010-11'],2,2,1000,1000,1,2,2,16,12
forecast_half_seasonal_2015-11,forecast,half_seasonal,shared,structural,"['TXm', 'TNm', 'TXx', 'TXn', 'TNx', 'TNn']",2015-11,,seasonal,calendar_5y,20,shared,['forecast_half_seasonal_2015-11'],2,2,1000,1000,1,2,2,16,12
forecast_half_seasonal_2020-11,forecast,half_seasonal,shared,structural,"['TXm', 'TNm', 'TXx', 'TXn', 'TNx', 'TNn']",2020-11,,seasonal,calendar_5y,20,shared,['forecast_half_seasonal_2020-11'],2,2,1000,1000,1,2,2,16,12
forecast_quarter_seasonal_2010-11,forecast,quarter_seasonal,shared,structural,"['TXm', 'TNm', 'TXx', 'TXn', 'TNx', 'TNn']",2010-11,,seasonal,calendar_5y,20,shared,['forecast_quarter_seasonal_2010-11'],2,2,1000,1000,1,2,2,16,12
forecast_quarter_seasonal_2015-11,forecast,quarter_seasonal,shared,structural,"['TXm', 'TNm', 'TXx', 'TXn', 'TNx', 'TNn']",2015-11,,seasonal,calendar_5y,20,shared,['forecast_quarter_seasonal_2015-11'],2,2,1000,1000,1,2,2,16,12
forecast_quarter_seasonal_2020-11,forecast,quarter_seasonal,shared,structural,"['TXm', 'TNm', 'TXx', 'TXn', 'TNx', 'TNn']",2020-11,,seasonal,calendar_5y,20,shared,['forecast_quarter_seasonal_2020-11'],2,2,1000,1000,1,2,2,16,12
forecast_fixed_location_seasonality_2010-11,forecast,fixed_location_seasonality,shared,adequacy,"['TXm', 'TNm', 'TXx', 'TXn', 'TNx', 'TNn']",2010-11,,seasonal,calendar_5y,20,shared,['forecast_fixed_location_seasonality_2010-11'],2,2,1000,1000,1,2,2,16,12
forecast_fixed_location_seasonality_2015-11,forecast,fixed_location_seasonality,shared,adequacy,"['TXm', 'TNm', 'TXx', 'TXn', 'TNx', 'TNn']",2015-11,,seasonal,calendar_5y,20,shared,['forecast_fixed_location_seasonality_2015-11'],2,2,1000,1000,1,2,2,16,12
forecast_fixed_location_seasonality_2020-11,forecast,fixed_location_seasonality,shared,adequacy,"['TXm', 'TNm', 'TXx', 'TXn', 'TNx', 'TNn']",2020-11,,seasonal,calendar_5y,20,shared,['forecast_fixed_location_seasonality_2020-11'],2,2,1000,1000,1,2,2,16,12
forecast_constant_dispersion_2010-11,forecast,constant_dispersion,shared,adequacy,"['TXm', 'TNm', 'TXx', 'TXn', 'TNx', 'TNn']",2010-11,,seasonal,calendar_5y,20,shared,['forecast_constant_dispersion_2010-11'],2,2,1000,1000,1,2,2,16,12
forecast_constant_dispersion_2015-11,forecast,constant_dispersion,shared,adequacy,"['TXm', 'TNm', 'TXx', 'TXn', 'TNx', 'TNn']",2015-11,,seasonal,calendar_5y,20,shared,['forecast_constant_dispersion_2015-11'],2,2,1000,1000,1,2,2,16,12
forecast_constant_dispersion_2020-11,forecast,constant_dispersion,shared,adequacy,"['TXm', 'TNm', 'TXx', 'TXn', 'TNx', 'TNn']",2020-11,,seasonal,calendar_5y,20,shared,['forecast_constant_dispersion_2020-11'],2,2,1000,1000,1,2,2,16,12
forecast_xi_narrow_2010-11,forecast,xi_narrow,shared,adequacy,"['TXm', 'TNm', 'TXx', 'TXn', 'TNx', 'TNn']",2010-11,,seasonal,calendar_5y,20,shared,['forecast_xi_narrow_2010-11'],2,2,1000,1000,1,2,2,16,12
forecast_xi_narrow_2015-11,forecast,xi_narrow,shared,adequacy,"['TXm', 'TNm', 'TXx', 'TXn', 'TNx', 'TNn']",2015-11,,seasonal,calendar_5y,20,shared,['forecast_xi_narrow_2015-11'],2,2,1000,1000,1,2,2,16,12
forecast_xi_narrow_2020-11,forecast,xi_narrow,shared,adequacy,"['TXm', 'TNm', 'TXx', 'TXn', 'TNx', 'TNn']",2020-11,,seasonal,calendar_5y,20,shared,['forecast_xi_narrow_2020-11'],2,2,1000,1000,1,2,2,16,12
forecast_xi_wide_2010-11,forecast,xi_wide,shared,adequacy,"['TXm', 'TNm', 'TXx', 'TXn', 'TNx', 'TNn']",2010-11,,seasonal,calendar_5y,20,shared,['forecast_xi_wide_2010-11'],2,2,1000,1000,1,2,2,16,12
forecast_xi_wide_2015-11,forecast,xi_wide,shared,adequacy,"['TXm', 'TNm', 'TXx', 'TXn', 'TNx', 'TNn']",2015-11,,seasonal,calendar_5y,20,shared,['forecast_xi_wide_2015-11'],2,2,1000,1000,1,2,2,16,12
forecast_xi_wide_2020-11,forecast,xi_wide,shared,adequacy,"['TXm', 'TNm', 'TXx', 'TXn', 'TNx', 'TNn']",2020-11,,seasonal,calendar_5y,20,shared,['forecast_xi_wide_2020-11'],2,2,1000,1000,1,2,2,16,12
forecast_half_t4_2010-11,forecast,half_t4,shared,hyperprior,"['TXm', 'TNm', 'TXx', 'TXn', 'TNx', 'TNn']",2010-11,,seasonal,calendar_5y,20,shared,['forecast_half_t4_2010-11'],2,2,1000,1000,1,2,2,16,12
forecast_half_t4_2015-11,forecast,half_t4,shared,hyperprior,"['TXm', 'TNm', 'TXx', 'TXn', 'TNx', 'TNn']",2015-11,,seasonal,calendar_5y,20,shared,['forecast_half_t4_2015-11'],2,2,1000,1000,1,2,2,16,12
forecast_half_t4_2020-11,forecast,half_t4,shared,hyperprior,"['TXm', 'TNm', 'TXx', 'TXn', 'TNx', 'TNn']",2020-11,,seasonal,calendar_5y,20,shared,['forecast_half_t4_2020-11'],2,2,1000,1000,1,2,2,16,12
forecast_half_cauchy_2010-11,forecast,half_cauchy,shared,hyperprior,"['TXm', 'TNm', 'TXx', 'TXn', 'TNx', 'TNn']",2010-11,,seasonal,calendar_5y,20,shared,['forecast_half_cauchy_2010-11'],2,2,1000,1000,1,2,2,16,12
forecast_half_cauchy_2015-11,forecast,half_cauchy,shared,hyperprior,"['TXm', 'TNm', 'TXx', 'TXn', 'TNx', 'TNn']",2015-11,,seasonal,calendar_5y,20,shared,['forecast_half_cauchy_2015-11'],2,2,1000,1000,1,2,2,16,12
forecast_half_cauchy_2020-11,forecast,half_cauchy,shared,hyperprior,"['TXm', 'TNm', 'TXx', 'TXn', 'TNx', 'TNn']",2020-11,,seasonal,calendar_5y,20,shared,['forecast_half_cauchy_2020-11'],2,2,1000,1000,1,2,2,16,12
posterior_half_all,posterior,half_all,shared,structural,"['TXm', 'TNm', 'TXx', 'TXn', 'TNx', 'TNn']",,,seasonal,calendar_5y,20,shared,['posterior_half_all'],2,2,1000,1000,1,2,2,16,12
posterior_double_all,posterior,double_all,shared,structural,"['TXm', 'TNm', 'TXx', 'TXn', 'TNx', 'TNn']",,,seasonal,calendar_5y,20,shared,['posterior_double_all'],2,2,1000,1000,1,2,2,16,12
posterior_half_level,posterior,half_level,shared,structural,"['TXm', 'TNm', 'TXx', 'TXn', 'TNx', 'TNn']",,,seasonal,calendar_5y,20,shared,['posterior_half_level'],2,2,1000,1000,1,2,2,16,12
posterior_double_level,posterior,double_level,shared,structural,"['TXm', 'TNm', 'TXx', 'TXn', 'TNx', 'TNn']",,,seasonal,calendar_5y,20,shared,['posterior_double_level'],2,2,1000,1000,1,2,2,16,12
posterior_half_slope,posterior,half_slope,shared,structural,"['TXm', 'TNm', 'TXx', 'TXn', 'TNx', 'TNn']",,,seasonal,calendar_5y,20,shared,['posterior_half_slope'],2,2,1000,1000,1,2,2,16,12
posterior_double_slope,posterior,double_slope,shared,structural,"['TXm', 'TNm', 'TXx', 'TXn', 'TNx', 'TNn']",,,seasonal,calendar_5y,20,shared,['posterior_double_slope'],2,2,1000,1000,1,2,2,16,12
posterior_half_seasonal,posterior,half_seasonal,shared,structural,"['TXm', 'TNm', 'TXx', 'TXn', 'TNx', 'TNn']",,,seasonal,calendar_5y,20,shared,['posterior_half_seasonal'],2,2,1000,1000,1,2,2,16,12
posterior_double_seasonal,posterior,double_seasonal,shared,structural,"['TXm', 'TNm', 'TXx', 'TXn', 'TNx', 'TNn']",,,seasonal,calendar_5y,20,shared,['posterior_double_seasonal'],2,2,1000,1000,1,2,2,16,12
posterior_half_initial_slope,posterior,half_initial_slope,shared,structural,"['TXm', 'TNm', 'TXx', 'TXn', 'TNx', 'TNn']",,,seasonal,calendar_5y,20,shared,['posterior_half_initial_slope'],2,2,1000,1000,1,2,2,16,12
posterior_double_initial_slope,posterior,double_initial_slope,shared,structural,"['TXm', 'TNm', 'TXx', 'TXn', 'TNx', 'TNn']",,,seasonal,calendar_5y,20,shared,['posterior_double_initial_slope'],2,2,1000,1000,1,2,2,16,12
posterior_quarter_seasonal,posterior,quarter_seasonal,shared,structural,"['TXm', 'TNm', 'TXx', 'TXn', 'TNx', 'TNn']",,,seasonal,calendar_5y,20,shared,['posterior_quarter_seasonal'],2,2,1000,1000,1,2,2,16,12
posterior_double_slope_half_seasonal,posterior,double_slope_half_seasonal,shared,structural,"['TXm', 'TNm', 'TXx', 'TXn', 'TNx', 'TNn']",,,seasonal,calendar_5y,20,shared,['posterior_double_slope_half_seasonal'],2,2,1000,1000,1,2,2,16,12
posterior_double_slope_quarter_seasonal,posterior,double_slope_quarter_seasonal,shared,structural,"['TXm', 'TNm', 'TXx', 'TXn', 'TNx', 'TNn']",,,seasonal,calendar_5y,20,shared,['posterior_double_slope_quarter_seasonal'],2,2,1000,1000,1,2,2,16,12
posterior_half_level_half_slope,posterior,half_level_half_slope,shared,structural,"['TXm', 'TNm', 'TXx', 'TXn', 'TNx', 'TNn']",,,seasonal,calendar_5y,20,shared,['posterior_half_level_half_slope'],2,2,1000,1000,1,2,2,16,12
posterior_half_level_double_slope,posterior,half_level_double_slope,shared,structural,"['TXm', 'TNm', 'TXx', 'TXn', 'TNx', 'TNn']",,,seasonal,calendar_5y,20,shared,['posterior_half_level_double_slope'],2,2,1000,1000,1,2,2,16,12
posterior_double_level_half_slope,posterior,double_level_half_slope,shared,structural,"['TXm', 'TNm', 'TXx', 'TXn', 'TNx', 'TNn']",,,seasonal,calendar_5y,20,shared,['posterior_double_level_half_slope'],2,2,1000,1000,1,2,2,16,12
posterior_double_level_double_slope,posterior,double_level_double_slope,shared,structural,"['TXm', 'TNm', 'TXx', 'TXn', 'TNx', 'TNn']",,,seasonal,calendar_5y,20,shared,['posterior_double_level_double_slope'],2,2,1000,1000,1,2,2,16,12
posterior_half_innovations,posterior,half_innovations,shared,structural,"['TXm', 'TNm', 'TXx', 'TXn', 'TNx', 'TNn']",,,seasonal,calendar_5y,20,shared,['posterior_half_innovations'],2,2,1000,1000,1,2,2,16,12
posterior_double_innovations,posterior,double_innovations,shared,structural,"['TXm', 'TNm', 'TXx', 'TXn', 'TNx', 'TNn']",,,seasonal,calendar_5y,20,shared,['posterior_double_innovations'],2,2,1000,1000,1,2,2,16,12
posterior_xi_narrow,posterior,xi_narrow,shared,adequacy,"['TXm', 'TNm', 'TXx', 'TXn', 'TNx', 'TNn']",,,seasonal,calendar_5y,20,shared,['posterior_xi_narrow'],2,2,1000,1000,1,2,2,16,12
posterior_xi_wide,posterior,xi_wide,shared,adequacy,"['TXm', 'TNm', 'TXx', 'TXn', 'TNx', 'TNn']",,,seasonal,calendar_5y,20,shared,['posterior_xi_wide'],2,2,1000,1000,1,2,2,16,12
posterior_xi_bounded,posterior,xi_bounded,shared,adequacy,"['TXm', 'TNm', 'TXx', 'TXn', 'TNx', 'TNn']",,,seasonal,calendar_5y,20,shared,['posterior_xi_bounded'],2,2,1000,1000,1,2,2,16,12
posterior_xi_uniform_bounded,posterior,xi_uniform_bounded,shared,adequacy,"['TXm', 'TNm', 'TXx', 'TXn', 'TNx', 'TNn']",,,seasonal,calendar_5y,20,shared,['posterior_xi_uniform_bounded'],2,2,1000,1000,1,2,2,16,12
posterior_constant_dispersion,posterior,constant_dispersion,shared,adequacy,"['TXm', 'TNm', 'TXx', 'TXn', 'TNx', 'TNn']",,,seasonal,calendar_5y,20,shared,['posterior_constant_dispersion'],2,2,1000,1000,1,2,2,16,12
posterior_narrow_seasonal_log_scale,posterior,narrow_seasonal_log_scale,shared,adequacy,"['TXm', 'TNm', 'TXx', 'TXn', 'TNx', 'TNn']",,,seasonal,calendar_5y,20,shared,['posterior_narrow_seasonal_log_scale'],2,2,1000,1000,1,2,2,16,12
posterior_wide_seasonal_log_scale,posterior,wide_seasonal_log_scale,shared,adequacy,"['TXm', 'TNm', 'TXx', 'TXn', 'TNx', 'TNn']",,,seasonal,calendar_5y,20,shared,['posterior_wide_seasonal_log_scale'],2,2,1000,1000,1,2,2,16,12
posterior_fixed_location_seasonality,posterior,fixed_location_seasonality,shared,adequacy,"['TXm', 'TNm', 'TXx', 'TXn', 'TNx', 'TNn']",,,seasonal,calendar_5y,20,shared,['posterior_fixed_location_seasonality'],2,2,1000,1000,1,2,2,16,12
posterior_previous_initial_season_sd,posterior,previous_initial_season_sd,shared,adequacy,"['TXm', 'TNm', 'TXx', 'TXn', 'TNx', 'TNn']",,,seasonal,calendar_5y,20,shared,['posterior_previous_initial_season_sd'],2,2,1000,1000,1,2,2,16,12
posterior_half_t4,posterior,half_t4,shared,hyperprior,"['TXm', 'TNm', 'TXx', 'TXn', 'TNx', 'TNn']",,,seasonal,calendar_5y,20,shared,['posterior_half_t4'],2,2,1000,1000,1,2,2,16,12
posterior_half_t4_half,posterior,half_t4_half,shared,hyperprior,"['TXm', 'TNm', 'TXx', 'TXn', 'TNx', 'TNn']",,,seasonal,calendar_5y,20,shared,['posterior_half_t4_half'],2,2,1000,1000,1,2,2,16,12
posterior_half_t4_double,posterior,half_t4_double,shared,hyperprior,"['TXm', 'TNm', 'TXx', 'TXn', 'TNx', 'TNn']",,,seasonal,calendar_5y,20,shared,['posterior_half_t4_double'],2,2,1000,1000,1,2,2,16,12
posterior_half_cauchy,posterior,half_cauchy,shared,hyperprior,"['TXm', 'TNm', 'TXx', 'TXn', 'TNx', 'TNn']",,,seasonal,calendar_5y,20,shared,['posterior_half_cauchy'],2,2,1000,1000,1,2,2,16,12
posterior_half_cauchy_half,posterior,half_cauchy_half,shared,hyperprior,"['TXm', 'TNm', 'TXx', 'TXn', 'TNx', 'TNn']",,,seasonal,calendar_5y,20,shared,['posterior_half_cauchy_half'],2,2,1000,1000,1,2,2,16,12
posterior_half_cauchy_double,posterior,half_cauchy_double,shared,hyperprior,"['TXm', 'TNm', 'TXx', 'TXn', 'TNx', 'TNn']",,,seasonal,calendar_5y,20,shared,['posterior_half_cauchy_double'],2,2,1000,1000,1,2,2,16,12
posterior_leave_out_TXm,posterior,leave_out_TXm,shared,influence,"['TNm', 'TXx', 'TXn', 'TNx', 'TNn']",,,seasonal,calendar_5y,20,shared,['posterior_leave_out_TXm'],2,2,1000,1000,1,2,2,16,12
posterior_leave_out_TNm,posterior,leave_out_TNm,shared,influence,"['TXm', 'TXx', 'TXn', 'TNx', 'TNn']",,,seasonal,calendar_5y,20,shared,['posterior_leave_out_TNm'],2,2,1000,1000,1,2,2,16,12
posterior_leave_out_TXx,posterior,leave_out_TXx,shared,influence,"['TXm', 'TNm', 'TXn', 'TNx', 'TNn']",,,seasonal,calendar_5y,20,shared,['posterior_leave_out_TXx'],2,2,1000,1000,1,2,2,16,12
posterior_leave_out_TXn,posterior,leave_out_TXn,shared,influence,"['TXm', 'TNm', 'TXx', 'TNx', 'TNn']",,,seasonal,calendar_5y,20,shared,['posterior_leave_out_TXn'],2,2,1000,1000,1,2,2,16,12
posterior_leave_out_TNx,posterior,leave_out_TNx,shared,influence,"['TXm', 'TNm', 'TXx', 'TXn', 'TNn']",,,seasonal,calendar_5y,20,shared,['posterior_leave_out_TNx'],2,2,1000,1000,1,2,2,16,12
posterior_leave_out_TNn,posterior,leave_out_TNn,shared,influence,"['TXm', 'TNm', 'TXx', 'TXn', 'TNx']",,,seasonal,calendar_5y,20,shared,['posterior_leave_out_TNn'],2,2,1000,1000,1,2,2,16,12
forecast_reference_split60_h40,forecast,reference,shared,structural,"['TXm', 'TNm', 'TXx', 'TXn', 'TNx', 'TNn']",,0.6,seasonal,fraction_10y,40,shared,['forecast_reference_split60_h40'],2,2,1000,1000,1,2,2,16,12
forecast_reference_split80_h40,forecast,reference,shared,structural,"['TXm', 'TNm', 'TXx', 'TXn', 'TNx', 'TNn']",,0.8,seasonal,fraction_10y,40,shared,['forecast_reference_split80_h40'],2,2,1000,1000,1,2,2,16,12
forecast_reference_split90_h40,forecast,reference,shared,structural,"['TXm', 'TNm', 'TXx', 'TXn', 'TNx', 'TNn']",,0.9,seasonal,fraction_10y,40,shared,['forecast_reference_split90_h40'],2,2,1000,1000,1,2,2,16,12
forecast_half_t4_split60_h40,forecast,half_t4,shared,hyperprior,"['TXm', 'TNm', 'TXx', 'TXn', 'TNx', 'TNn']",,0.6,seasonal,fraction_10y,40,shared,['forecast_half_t4_split60_h40'],2,2,1000,1000,1,2,2,16,12
forecast_half_t4_split80_h40,forecast,half_t4,shared,hyperprior,"['TXm', 'TNm', 'TXx', 'TXn', 'TNx', 'TNn']",,0.8,seasonal,fraction_10y,40,shared,['forecast_half_t4_split80_h40'],2,2,1000,1000,1,2,2,16,12
forecast_half_t4_split90_h40,forecast,half_t4,shared,hyperprior,"['TXm', 'TNm', 'TXx', 'TXn', 'TNx', 'TNn']",,0.9,seasonal,fraction_10y,40,shared,['forecast_half_t4_split90_h40'],2,2,1000,1000,1,2,2,16,12
forecast_half_cauchy_split60_h40,forecast,half_cauchy,shared,hyperprior,"['TXm', 'TNm', 'TXx', 'TXn', 'TNx', 'TNn']",,0.6,seasonal,fraction_10y,40,shared,['forecast_half_cauchy_split60_h40'],2,2,1000,1000,1,2,2,16,12
forecast_half_cauchy_split80_h40,forecast,half_cauchy,shared,hyperprior,"['TXm', 'TNm', 'TXx', 'TXn', 'TNx', 'TNn']",,0.8,seasonal,fraction_10y,40,shared,['forecast_half_cauchy_split80_h40'],2,2,1000,1000,1,2,2,16,12
forecast_half_cauchy_split90_h40,forecast,half_cauchy,shared,hyperprior,"['TXm', 'TNm', 'TXx', 'TXn', 'TNx', 'TNn']",,0.9,seasonal,fraction_10y,40,shared,['forecast_half_cauchy_split90_h40'],2,2,1000,1000,1,2,2,16,12
block_reference_monthly_2010-11,block,reference,shared,structural,"['TXm', 'TNm', 'TXx', 'TXn', 'TNx', 'TNn']",2010-11,,monthly,matched_blocks,20,monthly,['block_reference_monthly_2010-11'],2,2,1000,1000,1,2,2,20,12
block_reference_seasonal_2010-11,block,reference,shared,structural,"['TXm', 'TNm', 'TXx', 'TXn', 'TNx', 'TNn']",2010-11,,seasonal,matched_blocks,20,shared,['block_reference_seasonal_2010-11'],2,2,1000,1000,1,2,2,16,12
block_reference_monthly_2015-11,block,reference,shared,structural,"['TXm', 'TNm', 'TXx', 'TXn', 'TNx', 'TNn']",2015-11,,monthly,matched_blocks,20,monthly,['block_reference_monthly_2015-11'],2,2,1000,1000,1,2,2,20,12
block_reference_seasonal_2015-11,block,reference,shared,structural,"['TXm', 'TNm', 'TXx', 'TXn', 'TNx', 'TNn']",2015-11,,seasonal,matched_blocks,20,shared,['block_reference_seasonal_2015-11'],2,2,1000,1000,1,2,2,16,12
block_reference_monthly_2020-11,block,reference,shared,structural,"['TXm', 'TNm', 'TXx', 'TXn', 'TNx', 'TNn']",2020-11,,monthly,matched_blocks,20,monthly,['block_reference_monthly_2020-11'],2,2,1000,1000,1,2,2,20,12
block_reference_seasonal_2020-11,block,reference,shared,structural,"['TXm', 'TNm', 'TXx', 'TXn', 'TNx', 'TNn']",2020-11,,seasonal,matched_blocks,20,shared,['block_reference_seasonal_2020-11'],2,2,1000,1000,1,2,2,16,12
posterior_reference_monthly,posterior,reference,shared,structural,"['TXm', 'TNm', 'TXx', 'TXn', 'TNx', 'TNn']",,,monthly,calendar_5y,20,monthly,['posterior_reference_monthly'],2,2,1000,1000,1,2,2,20,12
