variant,scope,family,series,level_sd_anchor,slope_sd_anchor,seasonal_sd_anchor,initial_rate_sd_C_per_decade,log_sd,xi_prior,xi_sd,xi_bounds,seasonal_mode,seasonal_scale,seasonal_log_scale_sd,initial_season_sd
reference,shared,structural,"TXm,TNm,TXx,TXn,TNx,TNn",0.01,0.0001,0.01,0.4,1.0986122886681098,normal,0.3,"[null, null]",dynamic,True,0.3,20.0
half_level,shared,structural,"TXm,TNm,TXx,TXn,TNx,TNn",0.005,0.0001,0.01,0.4,1.0986122886681098,normal,0.3,"[null, null]",dynamic,True,0.3,20.0
double_level,shared,structural,"TXm,TNm,TXx,TXn,TNx,TNn",0.02,0.0001,0.01,0.4,1.0986122886681098,normal,0.3,"[null, null]",dynamic,True,0.3,20.0
half_slope,shared,structural,"TXm,TNm,TXx,TXn,TNx,TNn",0.01,5e-05,0.01,0.4,1.0986122886681098,normal,0.3,"[null, null]",dynamic,True,0.3,20.0
double_slope,shared,structural,"TXm,TNm,TXx,TXn,TNx,TNn",0.01,0.0002,0.01,0.4,1.0986122886681098,normal,0.3,"[null, null]",dynamic,True,0.3,20.0
half_seasonal,shared,structural,"TXm,TNm,TXx,TXn,TNx,TNn",0.01,0.0001,0.005,0.4,1.0986122886681098,normal,0.3,"[null, null]",dynamic,True,0.3,20.0
double_seasonal,shared,structural,"TXm,TNm,TXx,TXn,TNx,TNn",0.01,0.0001,0.02,0.4,1.0986122886681098,normal,0.3,"[null, null]",dynamic,True,0.3,20.0
half_initial_slope,shared,structural,"TXm,TNm,TXx,TXn,TNx,TNn",0.01,0.0001,0.01,0.2,1.0986122886681098,normal,0.3,"[null, null]",dynamic,True,0.3,20.0
double_initial_slope,shared,structural,"TXm,TNm,TXx,TXn,TNx,TNn",0.01,0.0001,0.01,0.8,1.0986122886681098,normal,0.3,"[null, null]",dynamic,True,0.3,20.0
quarter_seasonal,shared,structural,"TXm,TNm,TXx,TXn,TNx,TNn",0.01,0.0001,0.0025,0.4,1.0986122886681098,normal,0.3,"[null, null]",dynamic,True,0.3,20.0
independent_reference,independent,structural,"TXm,TNm,TXx,TXn,TNx,TNn",0.01,0.0001,0.01,0.4,1.0986122886681098,normal,0.3,"[null, null]",dynamic,True,0.3,20.0
independent_half_level,independent,structural,"TXm,TNm,TXx,TXn,TNx,TNn",0.005,0.0001,0.01,0.4,1.0986122886681098,normal,0.3,"[null, null]",dynamic,True,0.3,20.0
independent_double_level,independent,structural,"TXm,TNm,TXx,TXn,TNx,TNn",0.02,0.0001,0.01,0.4,1.0986122886681098,normal,0.3,"[null, null]",dynamic,True,0.3,20.0
independent_half_slope,independent,structural,"TXm,TNm,TXx,TXn,TNx,TNn",0.01,5e-05,0.01,0.4,1.0986122886681098,normal,0.3,"[null, null]",dynamic,True,0.3,20.0
independent_double_slope,independent,structural,"TXm,TNm,TXx,TXn,TNx,TNn",0.01,0.0002,0.01,0.4,1.0986122886681098,normal,0.3,"[null, null]",dynamic,True,0.3,20.0
independent_half_seasonal,independent,structural,"TXm,TNm,TXx,TXn,TNx,TNn",0.01,0.0001,0.005,0.4,1.0986122886681098,normal,0.3,"[null, null]",dynamic,True,0.3,20.0
independent_double_seasonal,independent,structural,"TXm,TNm,TXx,TXn,TNx,TNn",0.01,0.0001,0.02,0.4,1.0986122886681098,normal,0.3,"[null, null]",dynamic,True,0.3,20.0
independent_half_initial_slope,independent,structural,"TXm,TNm,TXx,TXn,TNx,TNn",0.01,0.0001,0.01,0.2,1.0986122886681098,normal,0.3,"[null, null]",dynamic,True,0.3,20.0
independent_double_initial_slope,independent,structural,"TXm,TNm,TXx,TXn,TNx,TNn",0.01,0.0001,0.01,0.8,1.0986122886681098,normal,0.3,"[null, null]",dynamic,True,0.3,20.0
independent_quarter_seasonal,independent,structural,"TXm,TNm,TXx,TXn,TNx,TNn",0.01,0.0001,0.0025,0.4,1.0986122886681098,normal,0.3,"[null, null]",dynamic,True,0.3,20.0
fixed_reference,fixed,structural,"TXm,TNm,TXx,TXn,TNx,TNn",0.01,0.0001,0.01,0.4,,normal,0.3,"[null, null]",dynamic,True,0.3,20.0
fixed_half_level,fixed,structural,"TXm,TNm,TXx,TXn,TNx,TNn",0.005,0.0001,0.01,0.4,,normal,0.3,"[null, null]",dynamic,True,0.3,20.0
fixed_double_level,fixed,structural,"TXm,TNm,TXx,TXn,TNx,TNn",0.02,0.0001,0.01,0.4,,normal,0.3,"[null, null]",dynamic,True,0.3,20.0
fixed_half_slope,fixed,structural,"TXm,TNm,TXx,TXn,TNx,TNn",0.01,5e-05,0.01,0.4,,normal,0.3,"[null, null]",dynamic,True,0.3,20.0
fixed_double_slope,fixed,structural,"TXm,TNm,TXx,TXn,TNx,TNn",0.01,0.0002,0.01,0.4,,normal,0.3,"[null, null]",dynamic,True,0.3,20.0
fixed_half_seasonal,fixed,structural,"TXm,TNm,TXx,TXn,TNx,TNn",0.01,0.0001,0.005,0.4,,normal,0.3,"[null, null]",dynamic,True,0.3,20.0
fixed_double_seasonal,fixed,structural,"TXm,TNm,TXx,TXn,TNx,TNn",0.01,0.0001,0.02,0.4,,normal,0.3,"[null, null]",dynamic,True,0.3,20.0
fixed_half_initial_slope,fixed,structural,"TXm,TNm,TXx,TXn,TNx,TNn",0.01,0.0001,0.01,0.2,,normal,0.3,"[null, null]",dynamic,True,0.3,20.0
fixed_double_initial_slope,fixed,structural,"TXm,TNm,TXx,TXn,TNx,TNn",0.01,0.0001,0.01,0.8,,normal,0.3,"[null, null]",dynamic,True,0.3,20.0
fixed_quarter_seasonal,fixed,structural,"TXm,TNm,TXx,TXn,TNx,TNn",0.01,0.0001,0.0025,0.4,,normal,0.3,"[null, null]",dynamic,True,0.3,20.0
width_log2,shared,width,"TXm,TNm,TXx,TXn,TNx,TNn",0.01,0.0001,0.01,0.4,0.6931471805599453,normal,0.3,"[null, null]",dynamic,True,0.3,20.0
width_log4,shared,width,"TXm,TNm,TXx,TXn,TNx,TNn",0.01,0.0001,0.01,0.4,1.3862943611198906,normal,0.3,"[null, null]",dynamic,True,0.3,20.0
independent_width_log2,independent,width,"TXm,TNm,TXx,TXn,TNx,TNn",0.01,0.0001,0.01,0.4,0.6931471805599453,normal,0.3,"[null, null]",dynamic,True,0.3,20.0
independent_width_log4,independent,width,"TXm,TNm,TXx,TXn,TNx,TNn",0.01,0.0001,0.01,0.4,1.3862943611198906,normal,0.3,"[null, null]",dynamic,True,0.3,20.0
xi_narrow,shared,adequacy,"TXm,TNm,TXx,TXn,TNx,TNn",0.01,0.0001,0.01,0.4,1.0986122886681098,normal,0.15,"[null, null]",dynamic,True,0.3,20.0
xi_wide,shared,adequacy,"TXm,TNm,TXx,TXn,TNx,TNn",0.01,0.0001,0.01,0.4,1.0986122886681098,normal,0.6,"[null, null]",dynamic,True,0.3,20.0
xi_bounded,shared,adequacy,"TXm,TNm,TXx,TXn,TNx,TNn",0.01,0.0001,0.01,0.4,1.0986122886681098,normal,0.3,"[-0.5, 0.5]",dynamic,True,0.3,20.0
xi_uniform_bounded,shared,adequacy,"TXm,TNm,TXx,TXn,TNx,TNn",0.01,0.0001,0.01,0.4,1.0986122886681098,uniform,0.3,"[-0.5, 0.5]",dynamic,True,0.3,20.0
constant_dispersion,shared,adequacy,"TXm,TNm,TXx,TXn,TNx,TNn",0.01,0.0001,0.01,0.4,1.0986122886681098,normal,0.3,"[null, null]",dynamic,False,0.3,20.0
narrow_seasonal_log_scale,shared,adequacy,"TXm,TNm,TXx,TXn,TNx,TNn",0.01,0.0001,0.01,0.4,1.0986122886681098,normal,0.3,"[null, null]",dynamic,True,0.15,20.0
wide_seasonal_log_scale,shared,adequacy,"TXm,TNm,TXx,TXn,TNx,TNn",0.01,0.0001,0.01,0.4,1.0986122886681098,normal,0.3,"[null, null]",dynamic,True,0.6,20.0
fixed_location_seasonality,shared,adequacy,"TXm,TNm,TXx,TXn,TNx,TNn",0.01,0.0001,0.01,0.4,1.0986122886681098,normal,0.3,"[null, null]",static,True,0.3,20.0
previous_initial_season_sd,shared,adequacy,"TXm,TNm,TXx,TXn,TNx,TNn",0.01,0.0001,0.01,0.4,1.0986122886681098,normal,0.3,"[null, null]",dynamic,True,0.3,2.25
leave_out_TXm,shared,influence,"TNm,TXx,TXn,TNx,TNn",0.01,0.0001,0.01,0.4,1.0986122886681098,normal,0.3,"[null, null]",dynamic,True,0.3,20.0
leave_out_TNm,shared,influence,"TXm,TXx,TXn,TNx,TNn",0.01,0.0001,0.01,0.4,1.0986122886681098,normal,0.3,"[null, null]",dynamic,True,0.3,20.0
leave_out_TXx,shared,influence,"TXm,TNm,TXn,TNx,TNn",0.01,0.0001,0.01,0.4,1.0986122886681098,normal,0.3,"[null, null]",dynamic,True,0.3,20.0
leave_out_TXn,shared,influence,"TXm,TNm,TXx,TNx,TNn",0.01,0.0001,0.01,0.4,1.0986122886681098,normal,0.3,"[null, null]",dynamic,True,0.3,20.0
leave_out_TNx,shared,influence,"TXm,TNm,TXx,TXn,TNn",0.01,0.0001,0.01,0.4,1.0986122886681098,normal,0.3,"[null, null]",dynamic,True,0.3,20.0
leave_out_TNn,shared,influence,"TXm,TNm,TXx,TXn,TNx",0.01,0.0001,0.01,0.4,1.0986122886681098,normal,0.3,"[null, null]",dynamic,True,0.3,20.0
