variant,A_level,A_slope,A_season,level_innovation_SD_10y_C,slope_innovation_SD_10y_C,total_trend_innovation_SD_10y_C,rate_change_SD_10y_C_per_decade,slope_fraction_of_prior_mean_variance_10y,level_innovation_SD_30y_C,slope_innovation_SD_30y_C,total_trend_innovation_SD_30y_C,rate_change_SD_30y_C_per_decade,slope_fraction_of_prior_mean_variance_30y
ss_a5e3_b1e4,0.005,0.0001,0.01,0.03162277660168379,0.014331782861877303,0.034718870949384285,0.02529822128134704,0.17039986726397874,0.05477225575051661,0.07542015645701088,0.09321051442836265,0.04381780460041329,0.6547040813977578
ss_a5e3_b2e4,0.005,0.0002,0.01,0.03162277660168379,0.028663565723754607,0.04268020618506897,0.05059644256269408,0.4510320597277119,0.05477225575051661,0.15084031291402175,0.16047678959899467,0.08763560920082658,0.8835078127426921
ss_a5e3_b5e4,0.005,0.0005,0.01,0.03162277660168379,0.07165891430938652,0.07832624081366346,0.1264911064067352,0.837000814995925,0.05477225575051661,0.3771007822850544,0.3810577384071868,0.21908902300206645,0.9793395544230571
ss_a5e3_b1e3,0.005,0.001,0.01,0.03162277660168379,0.14331782861877304,0.14676511847165866,0.2529822128134704,0.9535747446610956,0.05477225575051661,0.7542015645701088,0.75618780736005,0.4381780460041329,0.994753593788255
ss_a5e3_b2e3,0.005,0.002,0.01,0.03162277660168379,0.2866356572375461,0.28837475617674996,0.5059644256269408,0.987974987974988,0.05477225575051661,1.5084031291402176,1.50939723068515,0.8763560920082658,0.9986832171638252
ss_a1e2_b1e4,0.01,0.0001,0.01,0.06324555320336758,0.014331782861877303,0.06484905550584372,0.02529822128134704,0.04884196509250012,0.10954451150103323,0.07542015645701088,0.13299699244719784,0.04381780460041329,0.3215816193846745
reference,0.01,0.0002,0.01,0.06324555320336758,0.028663565723754607,0.06943774189876857,0.05059644256269408,0.17039986726397874,0.10954451150103323,0.15084031291402175,0.1864210288567253,0.08763560920082658,0.6547040813977578
ss_a1e2_b5e4,0.01,0.0005,0.01,0.06324555320336758,0.07165891430938652,0.09557719393244395,0.1264911064067352,0.5621237000547344,0.10954451150103323,0.3771007822850544,0.3926894447270005,0.21908902300206645,0.9221815116241366
ss_a1e2_b1e3,0.01,0.001,0.01,0.06324555320336758,0.14331782861877304,0.15665248162732692,0.2529822128134704,0.837000814995925,0.10954451150103323,0.7542015645701088,0.7621154768143736,0.4381780460041329,0.9793395544230571
ss_a1e2_b2e3,0.01,0.002,0.01,0.06324555320336758,0.2866356572375461,0.2935302369433173,0.5059644256269408,0.9535747446610956,0.10954451150103323,1.5084031291402176,1.5123756147201,0.8763560920082658,0.994753593788255
ss_a2e2_b1e4,0.02,0.0001,0.01,0.12649110640673517,0.014331782861877303,0.12730043204954178,0.02529822128134704,0.012674787416540165,0.21908902300206645,0.07542015645701088,0.2317071427470461,0.04381780460041329,0.10594879321713152
ss_a2e2_b2e4,0.02,0.0002,0.01,0.12649110640673517,0.028663565723754607,0.12969811101168743,0.05059644256269408,0.04884196509250012,0.21908902300206645,0.15084031291402175,0.2659939848943957,0.08763560920082658,0.3215816193846745
ss_a2e2_b5e4,0.02,0.0005,0.01,0.12649110640673517,0.07165891430938652,0.14537881551312765,0.1264911064067352,0.24296191152117338,0.21908902300206645,0.3771007822850544,0.4361249820865574,0.21908902300206645,0.7476407034515391
ss_a2e2_b1e3,0.02,0.001,0.01,0.12649110640673517,0.14331782861877304,0.1911543878648879,0.2529822128134704,0.5621237000547344,0.21908902300206645,0.7542015645701088,0.785378889454001,0.4381780460041329,0.9221815116241366
ss_a2e2_b2e3,0.02,0.002,0.01,0.12649110640673517,0.2866356572375461,0.31330496325465385,0.5059644256269408,0.837000814995925,0.21908902300206645,1.5084031291402176,1.5242309536287473,0.8763560920082658,0.9793395544230571
ss_a5e2_b1e4,0.05,0.0001,0.01,0.31622776601683794,0.014331782861877303,0.31655236533629,0.02529822128134704,0.0020497897318906963,0.5477225575051662,0.07542015645701088,0.5528907667885222,0.04381780460041329,0.01860784943612478
ss_a5e2_b2e4,0.05,0.0002,0.01,0.31622776601683794,0.028663565723754607,0.31752417230818825,0.05059644256269408,0.008149047426345146,0.5477225575051662,0.15084031291402175,0.5681133689678496,0.08763560920082658,0.07049605766394589
ss_a5e2_b5e4,0.05,0.0005,0.01,0.31622776601683794,0.07165891430938652,0.32424527752921867,0.1264911064067352,0.048841965092500106,0.5477225575051662,0.3771007822850544,0.6649849622359892,0.21908902300206645,0.3215816193846745
ss_a5e2_b1e3,0.05,0.001,0.01,0.31622776601683794,0.14331782861877304,0.3471887094938429,0.2529822128134704,0.17039986726397874,0.5477225575051662,0.7542015645701088,0.9321051442836265,0.4381780460041329,0.6547040813977578
ss_a5e2_b2e3,0.05,0.002,0.01,0.31622776601683794,0.2866356572375461,0.42680206185068975,0.5059644256269408,0.4510320597277118,0.5477225575051662,1.5084031291402176,1.6047678959899467,0.8763560920082658,0.883507812742692
ss_a1e1_b1e4,0.1,0.0001,0.01,0.6324555320336759,0.014331782861877303,0.6326178941509638,0.02529822128134704,0.0005132364530813427,1.0954451150103324,0.07542015645701088,1.098038341771361,0.04381780460041329,0.004717803491814881
ss_a1e1_b2e4,0.1,0.0002,0.01,0.6324555320336759,0.028663565723754607,0.63310473067258,0.05059644256269408,0.0020497897318906963,1.0954451150103324,0.15084031291402175,1.1057815335770445,0.08763560920082658,0.01860784943612478
ss_a1e1_b5e4,0.1,0.0005,0.01,0.6324555320336759,0.07165891430938652,0.6365021602477089,0.1264911064067352,0.012674787416540163,1.0954451150103324,0.3771007822850544,1.1585357137352306,0.21908902300206645,0.1059487932171315
ss_a1e1_b1e3,0.1,0.001,0.01,0.6324555320336759,0.14331782861877304,0.6484905550584373,0.2529822128134704,0.048841965092500106,1.0954451150103324,0.7542015645701088,1.3299699244719785,0.4381780460041329,0.3215816193846745
ss_a1e1_b2e3,0.1,0.002,0.01,0.6324555320336759,0.2866356572375461,0.6943774189876858,0.5059644256269408,0.17039986726397874,1.0954451150103324,1.5084031291402176,1.864210288567253,0.8763560920082658,0.6547040813977578
