task_id,host,kind,origin,variant,A_level,A_slope,A_season,chains,chain_workers,warmup,draws,forecast_horizon
posterior_ss_a5e3_b1e4,gallade,posterior,,ss_a5e3_b1e4,0.005,0.0001,0.01,4,4,4000,12000,120
posterior_ss_a5e3_b2e4,gallade,posterior,,ss_a5e3_b2e4,0.005,0.0002,0.01,4,4,4000,12000,120
posterior_ss_a5e3_b5e4,gallade,posterior,,ss_a5e3_b5e4,0.005,0.0005,0.01,4,4,4000,12000,120
posterior_ss_a5e3_b1e3,gallade,posterior,,ss_a5e3_b1e3,0.005,0.001,0.01,4,4,4000,12000,120
posterior_ss_a5e3_b2e3,gallade,posterior,,ss_a5e3_b2e3,0.005,0.002,0.01,4,4,4000,12000,120
posterior_ss_a1e2_b1e4,gallade,posterior,,ss_a1e2_b1e4,0.01,0.0001,0.01,4,4,4000,12000,120
posterior_reference,gallade,posterior,,reference,0.01,0.0002,0.01,4,4,6000,20000,120
posterior_ss_a1e2_b5e4,gallade,posterior,,ss_a1e2_b5e4,0.01,0.0005,0.01,4,4,4000,12000,120
posterior_ss_a1e2_b1e3,gallade,posterior,,ss_a1e2_b1e3,0.01,0.001,0.01,4,4,4000,12000,120
posterior_ss_a1e2_b2e3,gallade,posterior,,ss_a1e2_b2e3,0.01,0.002,0.01,4,4,4000,12000,120
posterior_ss_a2e2_b1e4,gallade,posterior,,ss_a2e2_b1e4,0.02,0.0001,0.01,4,4,4000,12000,120
posterior_ss_a2e2_b2e4,gallade,posterior,,ss_a2e2_b2e4,0.02,0.0002,0.01,4,4,4000,12000,120
posterior_ss_a2e2_b5e4,gallade,posterior,,ss_a2e2_b5e4,0.02,0.0005,0.01,4,4,4000,12000,120
posterior_ss_a2e2_b1e3,gallade,posterior,,ss_a2e2_b1e3,0.02,0.001,0.01,4,4,4000,12000,120
posterior_ss_a2e2_b2e3,gallade,posterior,,ss_a2e2_b2e3,0.02,0.002,0.01,4,4,4000,12000,120
posterior_ss_a5e2_b1e4,gallade,posterior,,ss_a5e2_b1e4,0.05,0.0001,0.01,4,4,4000,12000,120
posterior_ss_a5e2_b2e4,gallade,posterior,,ss_a5e2_b2e4,0.05,0.0002,0.01,4,4,4000,12000,120
posterior_ss_a5e2_b5e4,gallade,posterior,,ss_a5e2_b5e4,0.05,0.0005,0.01,4,4,4000,12000,120
posterior_ss_a5e2_b1e3,gallade,posterior,,ss_a5e2_b1e3,0.05,0.001,0.01,4,4,4000,12000,120
posterior_ss_a5e2_b2e3,gallade,posterior,,ss_a5e2_b2e3,0.05,0.002,0.01,4,4,4000,12000,120
posterior_ss_a1e1_b1e4,gallade,posterior,,ss_a1e1_b1e4,0.1,0.0001,0.01,4,4,4000,12000,120
posterior_ss_a1e1_b2e4,gallade,posterior,,ss_a1e1_b2e4,0.1,0.0002,0.01,4,4,4000,12000,120
posterior_ss_a1e1_b5e4,gallade,posterior,,ss_a1e1_b5e4,0.1,0.0005,0.01,4,4,4000,12000,120
posterior_ss_a1e1_b1e3,gallade,posterior,,ss_a1e1_b1e3,0.1,0.001,0.01,4,4,4000,12000,120
posterior_ss_a1e1_b2e3,gallade,posterior,,ss_a1e1_b2e3,0.1,0.002,0.01,4,4,4000,12000,120
sweetspot_forecast_ss_a5e3_b1e4_2010-11,biobot,forecast,2010-11,ss_a5e3_b1e4,0.005,0.0001,0.01,4,4,4000,12000,120
sweetspot_forecast_ss_a5e3_b1e4_2015-11,biobot,forecast,2015-11,ss_a5e3_b1e4,0.005,0.0001,0.01,4,4,4000,12000,120
sweetspot_forecast_ss_a5e3_b1e4_2020-11,biobot,forecast,2020-11,ss_a5e3_b1e4,0.005,0.0001,0.01,4,4,4000,12000,120
sweetspot_forecast_ss_a5e3_b2e4_2010-11,biobot,forecast,2010-11,ss_a5e3_b2e4,0.005,0.0002,0.01,4,4,4000,12000,120
sweetspot_forecast_ss_a5e3_b2e4_2015-11,biobot,forecast,2015-11,ss_a5e3_b2e4,0.005,0.0002,0.01,4,4,4000,12000,120
sweetspot_forecast_ss_a5e3_b2e4_2020-11,biobot,forecast,2020-11,ss_a5e3_b2e4,0.005,0.0002,0.01,4,4,4000,12000,120
sweetspot_forecast_ss_a5e3_b5e4_2010-11,biobot,forecast,2010-11,ss_a5e3_b5e4,0.005,0.0005,0.01,4,4,4000,12000,120
sweetspot_forecast_ss_a5e3_b5e4_2015-11,biobot,forecast,2015-11,ss_a5e3_b5e4,0.005,0.0005,0.01,4,4,4000,12000,120
sweetspot_forecast_ss_a5e3_b5e4_2020-11,biobot,forecast,2020-11,ss_a5e3_b5e4,0.005,0.0005,0.01,4,4,4000,12000,120
sweetspot_forecast_ss_a5e3_b1e3_2010-11,biobot,forecast,2010-11,ss_a5e3_b1e3,0.005,0.001,0.01,4,4,4000,12000,120
sweetspot_forecast_ss_a5e3_b1e3_2015-11,biobot,forecast,2015-11,ss_a5e3_b1e3,0.005,0.001,0.01,4,4,4000,12000,120
sweetspot_forecast_ss_a5e3_b1e3_2020-11,biobot,forecast,2020-11,ss_a5e3_b1e3,0.005,0.001,0.01,4,4,4000,12000,120
sweetspot_forecast_ss_a5e3_b2e3_2010-11,biobot,forecast,2010-11,ss_a5e3_b2e3,0.005,0.002,0.01,4,4,4000,12000,120
sweetspot_forecast_ss_a5e3_b2e3_2015-11,biobot,forecast,2015-11,ss_a5e3_b2e3,0.005,0.002,0.01,4,4,4000,12000,120
sweetspot_forecast_ss_a5e3_b2e3_2020-11,biobot,forecast,2020-11,ss_a5e3_b2e3,0.005,0.002,0.01,4,4,4000,12000,120
sweetspot_forecast_ss_a1e2_b1e4_2010-11,biobot,forecast,2010-11,ss_a1e2_b1e4,0.01,0.0001,0.01,4,4,4000,12000,120
sweetspot_forecast_ss_a1e2_b1e4_2015-11,biobot,forecast,2015-11,ss_a1e2_b1e4,0.01,0.0001,0.01,4,4,4000,12000,120
sweetspot_forecast_ss_a1e2_b1e4_2020-11,biobot,forecast,2020-11,ss_a1e2_b1e4,0.01,0.0001,0.01,4,4,4000,12000,120
sweetspot_forecast_reference_2010-11,biobot,forecast,2010-11,reference,0.01,0.0002,0.01,4,4,4000,12000,120
sweetspot_forecast_reference_2015-11,biobot,forecast,2015-11,reference,0.01,0.0002,0.01,4,4,4000,12000,120
sweetspot_forecast_reference_2020-11,biobot,forecast,2020-11,reference,0.01,0.0002,0.01,4,4,4000,12000,120
sweetspot_forecast_ss_a1e2_b5e4_2010-11,biobot,forecast,2010-11,ss_a1e2_b5e4,0.01,0.0005,0.01,4,4,4000,12000,120
sweetspot_forecast_ss_a1e2_b5e4_2015-11,biobot,forecast,2015-11,ss_a1e2_b5e4,0.01,0.0005,0.01,4,4,4000,12000,120
sweetspot_forecast_ss_a1e2_b5e4_2020-11,biobot,forecast,2020-11,ss_a1e2_b5e4,0.01,0.0005,0.01,4,4,4000,12000,120
sweetspot_forecast_ss_a1e2_b1e3_2010-11,biobot,forecast,2010-11,ss_a1e2_b1e3,0.01,0.001,0.01,4,4,4000,12000,120
sweetspot_forecast_ss_a1e2_b1e3_2015-11,biobot,forecast,2015-11,ss_a1e2_b1e3,0.01,0.001,0.01,4,4,4000,12000,120
sweetspot_forecast_ss_a1e2_b1e3_2020-11,biobot,forecast,2020-11,ss_a1e2_b1e3,0.01,0.001,0.01,4,4,4000,12000,120
sweetspot_forecast_ss_a1e2_b2e3_2010-11,biobot,forecast,2010-11,ss_a1e2_b2e3,0.01,0.002,0.01,4,4,4000,12000,120
sweetspot_forecast_ss_a1e2_b2e3_2015-11,biobot,forecast,2015-11,ss_a1e2_b2e3,0.01,0.002,0.01,4,4,4000,12000,120
sweetspot_forecast_ss_a1e2_b2e3_2020-11,biobot,forecast,2020-11,ss_a1e2_b2e3,0.01,0.002,0.01,4,4,4000,12000,120
sweetspot_forecast_ss_a2e2_b1e4_2010-11,biobot,forecast,2010-11,ss_a2e2_b1e4,0.02,0.0001,0.01,4,4,4000,12000,120
sweetspot_forecast_ss_a2e2_b1e4_2015-11,biobot,forecast,2015-11,ss_a2e2_b1e4,0.02,0.0001,0.01,4,4,4000,12000,120
sweetspot_forecast_ss_a2e2_b1e4_2020-11,biobot,forecast,2020-11,ss_a2e2_b1e4,0.02,0.0001,0.01,4,4,4000,12000,120
sweetspot_forecast_ss_a2e2_b2e4_2010-11,biobot,forecast,2010-11,ss_a2e2_b2e4,0.02,0.0002,0.01,4,4,4000,12000,120
sweetspot_forecast_ss_a2e2_b2e4_2015-11,biobot,forecast,2015-11,ss_a2e2_b2e4,0.02,0.0002,0.01,4,4,4000,12000,120
sweetspot_forecast_ss_a2e2_b2e4_2020-11,biobot,forecast,2020-11,ss_a2e2_b2e4,0.02,0.0002,0.01,4,4,4000,12000,120
sweetspot_forecast_ss_a2e2_b5e4_2010-11,biobot,forecast,2010-11,ss_a2e2_b5e4,0.02,0.0005,0.01,4,4,4000,12000,120
sweetspot_forecast_ss_a2e2_b5e4_2015-11,biobot,forecast,2015-11,ss_a2e2_b5e4,0.02,0.0005,0.01,4,4,4000,12000,120
sweetspot_forecast_ss_a2e2_b5e4_2020-11,biobot,forecast,2020-11,ss_a2e2_b5e4,0.02,0.0005,0.01,4,4,4000,12000,120
sweetspot_forecast_ss_a2e2_b1e3_2010-11,biobot,forecast,2010-11,ss_a2e2_b1e3,0.02,0.001,0.01,4,4,4000,12000,120
sweetspot_forecast_ss_a2e2_b1e3_2015-11,biobot,forecast,2015-11,ss_a2e2_b1e3,0.02,0.001,0.01,4,4,4000,12000,120
sweetspot_forecast_ss_a2e2_b1e3_2020-11,biobot,forecast,2020-11,ss_a2e2_b1e3,0.02,0.001,0.01,4,4,4000,12000,120
sweetspot_forecast_ss_a2e2_b2e3_2010-11,biobot,forecast,2010-11,ss_a2e2_b2e3,0.02,0.002,0.01,4,4,4000,12000,120
sweetspot_forecast_ss_a2e2_b2e3_2015-11,biobot,forecast,2015-11,ss_a2e2_b2e3,0.02,0.002,0.01,4,4,4000,12000,120
sweetspot_forecast_ss_a2e2_b2e3_2020-11,biobot,forecast,2020-11,ss_a2e2_b2e3,0.02,0.002,0.01,4,4,4000,12000,120
sweetspot_forecast_ss_a5e2_b1e4_2010-11,biobot,forecast,2010-11,ss_a5e2_b1e4,0.05,0.0001,0.01,4,4,4000,12000,120
sweetspot_forecast_ss_a5e2_b1e4_2015-11,biobot,forecast,2015-11,ss_a5e2_b1e4,0.05,0.0001,0.01,4,4,4000,12000,120
sweetspot_forecast_ss_a5e2_b1e4_2020-11,biobot,forecast,2020-11,ss_a5e2_b1e4,0.05,0.0001,0.01,4,4,4000,12000,120
sweetspot_forecast_ss_a5e2_b2e4_2010-11,biobot,forecast,2010-11,ss_a5e2_b2e4,0.05,0.0002,0.01,4,4,4000,12000,120
sweetspot_forecast_ss_a5e2_b2e4_2015-11,biobot,forecast,2015-11,ss_a5e2_b2e4,0.05,0.0002,0.01,4,4,4000,12000,120
sweetspot_forecast_ss_a5e2_b2e4_2020-11,biobot,forecast,2020-11,ss_a5e2_b2e4,0.05,0.0002,0.01,4,4,4000,12000,120
sweetspot_forecast_ss_a5e2_b5e4_2010-11,biobot,forecast,2010-11,ss_a5e2_b5e4,0.05,0.0005,0.01,4,4,4000,12000,120
sweetspot_forecast_ss_a5e2_b5e4_2015-11,biobot,forecast,2015-11,ss_a5e2_b5e4,0.05,0.0005,0.01,4,4,4000,12000,120
sweetspot_forecast_ss_a5e2_b5e4_2020-11,biobot,forecast,2020-11,ss_a5e2_b5e4,0.05,0.0005,0.01,4,4,4000,12000,120
sweetspot_forecast_ss_a5e2_b1e3_2010-11,biobot,forecast,2010-11,ss_a5e2_b1e3,0.05,0.001,0.01,4,4,4000,12000,120
sweetspot_forecast_ss_a5e2_b1e3_2015-11,biobot,forecast,2015-11,ss_a5e2_b1e3,0.05,0.001,0.01,4,4,4000,12000,120
sweetspot_forecast_ss_a5e2_b1e3_2020-11,biobot,forecast,2020-11,ss_a5e2_b1e3,0.05,0.001,0.01,4,4,4000,12000,120
sweetspot_forecast_ss_a5e2_b2e3_2010-11,biobot,forecast,2010-11,ss_a5e2_b2e3,0.05,0.002,0.01,4,4,4000,12000,120
sweetspot_forecast_ss_a5e2_b2e3_2015-11,biobot,forecast,2015-11,ss_a5e2_b2e3,0.05,0.002,0.01,4,4,4000,12000,120
sweetspot_forecast_ss_a5e2_b2e3_2020-11,biobot,forecast,2020-11,ss_a5e2_b2e3,0.05,0.002,0.01,4,4,4000,12000,120
sweetspot_forecast_ss_a1e1_b1e4_2010-11,biobot,forecast,2010-11,ss_a1e1_b1e4,0.1,0.0001,0.01,4,4,4000,12000,120
sweetspot_forecast_ss_a1e1_b1e4_2015-11,biobot,forecast,2015-11,ss_a1e1_b1e4,0.1,0.0001,0.01,4,4,4000,12000,120
sweetspot_forecast_ss_a1e1_b1e4_2020-11,biobot,forecast,2020-11,ss_a1e1_b1e4,0.1,0.0001,0.01,4,4,4000,12000,120
sweetspot_forecast_ss_a1e1_b2e4_2010-11,biobot,forecast,2010-11,ss_a1e1_b2e4,0.1,0.0002,0.01,4,4,4000,12000,120
sweetspot_forecast_ss_a1e1_b2e4_2015-11,biobot,forecast,2015-11,ss_a1e1_b2e4,0.1,0.0002,0.01,4,4,4000,12000,120
sweetspot_forecast_ss_a1e1_b2e4_2020-11,biobot,forecast,2020-11,ss_a1e1_b2e4,0.1,0.0002,0.01,4,4,4000,12000,120
sweetspot_forecast_ss_a1e1_b5e4_2010-11,biobot,forecast,2010-11,ss_a1e1_b5e4,0.1,0.0005,0.01,4,4,4000,12000,120
sweetspot_forecast_ss_a1e1_b5e4_2015-11,biobot,forecast,2015-11,ss_a1e1_b5e4,0.1,0.0005,0.01,4,4,4000,12000,120
sweetspot_forecast_ss_a1e1_b5e4_2020-11,biobot,forecast,2020-11,ss_a1e1_b5e4,0.1,0.0005,0.01,4,4,4000,12000,120
sweetspot_forecast_ss_a1e1_b1e3_2010-11,biobot,forecast,2010-11,ss_a1e1_b1e3,0.1,0.001,0.01,4,4,4000,12000,120
sweetspot_forecast_ss_a1e1_b1e3_2015-11,biobot,forecast,2015-11,ss_a1e1_b1e3,0.1,0.001,0.01,4,4,4000,12000,120
sweetspot_forecast_ss_a1e1_b1e3_2020-11,biobot,forecast,2020-11,ss_a1e1_b1e3,0.1,0.001,0.01,4,4,4000,12000,120
sweetspot_forecast_ss_a1e1_b2e3_2010-11,biobot,forecast,2010-11,ss_a1e1_b2e3,0.1,0.002,0.01,4,4,4000,12000,120
sweetspot_forecast_ss_a1e1_b2e3_2015-11,biobot,forecast,2015-11,ss_a1e1_b2e3,0.1,0.002,0.01,4,4,4000,12000,120
sweetspot_forecast_ss_a1e1_b2e3_2020-11,biobot,forecast,2020-11,ss_a1e1_b2e3,0.1,0.002,0.01,4,4,4000,12000,120
sweetspot_forecast_ss_a5e3_b1e4_1990-11,gallade,forecast,1990-11,ss_a5e3_b1e4,0.005,0.0001,0.01,4,4,4000,12000,120
sweetspot_forecast_ss_a5e3_b1e4_2000-11,gallade,forecast,2000-11,ss_a5e3_b1e4,0.005,0.0001,0.01,4,4,4000,12000,120
sweetspot_forecast_ss_a5e3_b2e4_1990-11,gallade,forecast,1990-11,ss_a5e3_b2e4,0.005,0.0002,0.01,4,4,4000,12000,120
sweetspot_forecast_ss_a5e3_b2e4_2000-11,gallade,forecast,2000-11,ss_a5e3_b2e4,0.005,0.0002,0.01,4,4,4000,12000,120
sweetspot_forecast_ss_a5e3_b5e4_1990-11,gallade,forecast,1990-11,ss_a5e3_b5e4,0.005,0.0005,0.01,4,4,4000,12000,120
sweetspot_forecast_ss_a5e3_b5e4_2000-11,gallade,forecast,2000-11,ss_a5e3_b5e4,0.005,0.0005,0.01,4,4,4000,12000,120
sweetspot_forecast_ss_a5e3_b1e3_1990-11,gallade,forecast,1990-11,ss_a5e3_b1e3,0.005,0.001,0.01,4,4,4000,12000,120
sweetspot_forecast_ss_a5e3_b1e3_2000-11,gallade,forecast,2000-11,ss_a5e3_b1e3,0.005,0.001,0.01,4,4,4000,12000,120
sweetspot_forecast_ss_a5e3_b2e3_1990-11,gallade,forecast,1990-11,ss_a5e3_b2e3,0.005,0.002,0.01,4,4,4000,12000,120
sweetspot_forecast_ss_a5e3_b2e3_2000-11,gallade,forecast,2000-11,ss_a5e3_b2e3,0.005,0.002,0.01,4,4,4000,12000,120
sweetspot_forecast_ss_a1e2_b1e4_1990-11,gallade,forecast,1990-11,ss_a1e2_b1e4,0.01,0.0001,0.01,4,4,4000,12000,120
sweetspot_forecast_ss_a1e2_b1e4_2000-11,gallade,forecast,2000-11,ss_a1e2_b1e4,0.01,0.0001,0.01,4,4,4000,12000,120
sweetspot_forecast_reference_1990-11,gallade,forecast,1990-11,reference,0.01,0.0002,0.01,4,4,4000,12000,120
sweetspot_forecast_reference_2000-11,gallade,forecast,2000-11,reference,0.01,0.0002,0.01,4,4,4000,12000,120
sweetspot_forecast_ss_a1e2_b5e4_1990-11,gallade,forecast,1990-11,ss_a1e2_b5e4,0.01,0.0005,0.01,4,4,4000,12000,120
sweetspot_forecast_ss_a1e2_b5e4_2000-11,gallade,forecast,2000-11,ss_a1e2_b5e4,0.01,0.0005,0.01,4,4,4000,12000,120
sweetspot_forecast_ss_a1e2_b1e3_1990-11,gallade,forecast,1990-11,ss_a1e2_b1e3,0.01,0.001,0.01,4,4,4000,12000,120
sweetspot_forecast_ss_a1e2_b1e3_2000-11,gallade,forecast,2000-11,ss_a1e2_b1e3,0.01,0.001,0.01,4,4,4000,12000,120
sweetspot_forecast_ss_a1e2_b2e3_1990-11,gallade,forecast,1990-11,ss_a1e2_b2e3,0.01,0.002,0.01,4,4,4000,12000,120
sweetspot_forecast_ss_a1e2_b2e3_2000-11,gallade,forecast,2000-11,ss_a1e2_b2e3,0.01,0.002,0.01,4,4,4000,12000,120
sweetspot_forecast_ss_a2e2_b1e4_1990-11,gallade,forecast,1990-11,ss_a2e2_b1e4,0.02,0.0001,0.01,4,4,4000,12000,120
sweetspot_forecast_ss_a2e2_b1e4_2000-11,gallade,forecast,2000-11,ss_a2e2_b1e4,0.02,0.0001,0.01,4,4,4000,12000,120
sweetspot_forecast_ss_a2e2_b2e4_1990-11,gallade,forecast,1990-11,ss_a2e2_b2e4,0.02,0.0002,0.01,4,4,4000,12000,120
sweetspot_forecast_ss_a2e2_b2e4_2000-11,gallade,forecast,2000-11,ss_a2e2_b2e4,0.02,0.0002,0.01,4,4,4000,12000,120
sweetspot_forecast_ss_a2e2_b5e4_1990-11,gallade,forecast,1990-11,ss_a2e2_b5e4,0.02,0.0005,0.01,4,4,4000,12000,120
sweetspot_forecast_ss_a2e2_b5e4_2000-11,gallade,forecast,2000-11,ss_a2e2_b5e4,0.02,0.0005,0.01,4,4,4000,12000,120
sweetspot_forecast_ss_a2e2_b1e3_1990-11,gallade,forecast,1990-11,ss_a2e2_b1e3,0.02,0.001,0.01,4,4,4000,12000,120
sweetspot_forecast_ss_a2e2_b1e3_2000-11,gallade,forecast,2000-11,ss_a2e2_b1e3,0.02,0.001,0.01,4,4,4000,12000,120
sweetspot_forecast_ss_a2e2_b2e3_1990-11,gallade,forecast,1990-11,ss_a2e2_b2e3,0.02,0.002,0.01,4,4,4000,12000,120
sweetspot_forecast_ss_a2e2_b2e3_2000-11,gallade,forecast,2000-11,ss_a2e2_b2e3,0.02,0.002,0.01,4,4,4000,12000,120
sweetspot_forecast_ss_a5e2_b1e4_1990-11,gallade,forecast,1990-11,ss_a5e2_b1e4,0.05,0.0001,0.01,4,4,4000,12000,120
sweetspot_forecast_ss_a5e2_b1e4_2000-11,gallade,forecast,2000-11,ss_a5e2_b1e4,0.05,0.0001,0.01,4,4,4000,12000,120
sweetspot_forecast_ss_a5e2_b2e4_1990-11,gallade,forecast,1990-11,ss_a5e2_b2e4,0.05,0.0002,0.01,4,4,4000,12000,120
sweetspot_forecast_ss_a5e2_b2e4_2000-11,gallade,forecast,2000-11,ss_a5e2_b2e4,0.05,0.0002,0.01,4,4,4000,12000,120
sweetspot_forecast_ss_a5e2_b5e4_1990-11,gallade,forecast,1990-11,ss_a5e2_b5e4,0.05,0.0005,0.01,4,4,4000,12000,120
sweetspot_forecast_ss_a5e2_b5e4_2000-11,gallade,forecast,2000-11,ss_a5e2_b5e4,0.05,0.0005,0.01,4,4,4000,12000,120
sweetspot_forecast_ss_a5e2_b1e3_1990-11,gallade,forecast,1990-11,ss_a5e2_b1e3,0.05,0.001,0.01,4,4,4000,12000,120
sweetspot_forecast_ss_a5e2_b1e3_2000-11,gallade,forecast,2000-11,ss_a5e2_b1e3,0.05,0.001,0.01,4,4,4000,12000,120
sweetspot_forecast_ss_a5e2_b2e3_1990-11,gallade,forecast,1990-11,ss_a5e2_b2e3,0.05,0.002,0.01,4,4,4000,12000,120
sweetspot_forecast_ss_a5e2_b2e3_2000-11,gallade,forecast,2000-11,ss_a5e2_b2e3,0.05,0.002,0.01,4,4,4000,12000,120
sweetspot_forecast_ss_a1e1_b1e4_1990-11,gallade,forecast,1990-11,ss_a1e1_b1e4,0.1,0.0001,0.01,4,4,4000,12000,120
sweetspot_forecast_ss_a1e1_b1e4_2000-11,gallade,forecast,2000-11,ss_a1e1_b1e4,0.1,0.0001,0.01,4,4,4000,12000,120
sweetspot_forecast_ss_a1e1_b2e4_1990-11,gallade,forecast,1990-11,ss_a1e1_b2e4,0.1,0.0002,0.01,4,4,4000,12000,120
sweetspot_forecast_ss_a1e1_b2e4_2000-11,gallade,forecast,2000-11,ss_a1e1_b2e4,0.1,0.0002,0.01,4,4,4000,12000,120
sweetspot_forecast_ss_a1e1_b5e4_1990-11,gallade,forecast,1990-11,ss_a1e1_b5e4,0.1,0.0005,0.01,4,4,4000,12000,120
sweetspot_forecast_ss_a1e1_b5e4_2000-11,gallade,forecast,2000-11,ss_a1e1_b5e4,0.1,0.0005,0.01,4,4,4000,12000,120
sweetspot_forecast_ss_a1e1_b1e3_1990-11,gallade,forecast,1990-11,ss_a1e1_b1e3,0.1,0.001,0.01,4,4,4000,12000,120
sweetspot_forecast_ss_a1e1_b1e3_2000-11,gallade,forecast,2000-11,ss_a1e1_b1e3,0.1,0.001,0.01,4,4,4000,12000,120
sweetspot_forecast_ss_a1e1_b2e3_1990-11,gallade,forecast,1990-11,ss_a1e1_b2e3,0.1,0.002,0.01,4,4,4000,12000,120
sweetspot_forecast_ss_a1e1_b2e3_2000-11,gallade,forecast,2000-11,ss_a1e1_b2e3,0.1,0.002,0.01,4,4,4000,12000,120
